sample_id,user_id,item_id,valence_score,arousal_score,preference_label,rating,item_popularity_score,item_category
0,1,1,5.4017,3.9593,1,4,0.6261,short_video
1,1,2,6.7586,6.7315,1,4,0.3595,music
2,1,3,5.0755,3.517,1,4,0.7815,movie
3,1,4,5.5018,5.21,1,3,0.3481,movie
4,1,5,5.3397,5.9704,1,3,0.346,article
5,1,6,4.2512,5.6184,0,3,0.6321,movie
6,1,7,6.8684,5.9471,1,5,0.682,short_video
7,1,8,3.9683,4.6165,0,3,0.6102,music
8,1,9,5.2915,5.1022,1,3,0.1564,short_video
9,1,10,6.047,6.195,1,4,0.6314,movie
10,1,11,4.541,5.1879,0,3,0.2622,article
11,1,12,6.587,4.9214,1,5,0.5585,short_video
12,1,13,4.7093,3.8433,0,2,0.1941,game
13,1,14,5.6209,6.4813,1,4,0.6098,music
14,1,15,4.6415,2.9443,0,3,0.3086,article
15,1,16,4.7773,4.8574,0,3,0.2171,music
16,1,17,6.6062,7.0107,1,5,0.6712,game
17,1,18,4.6758,4.1024,0,3,0.5601,music
18,1,19,6.2125,8.1892,1,5,0.3512,music
19,1,20,5.4373,5.5266,0,2,0.8102,game
20,1,21,4.7139,5.1409,1,3,0.3916,movie
21,1,22,5.9406,5.7977,0,2,0.508,movie
22,1,23,6.2728,3.4453,1,4,0.5668,music
23,1,24,4.1663,3.4742,0,3,0.3499,movie
24,1,25,3.5035,5.8783,0,2,0.6157,game
25,1,26,4.7734,4.8777,0,4,0.3697,article
26,1,27,6.517,4.5228,1,3,0.3985,movie
27,1,28,3.9891,3.8815,1,3,0.7962,movie
28,1,29,2.8756,5.5723,0,2,0.261,movie
29,1,30,6.52,5.0038,1,5,0.0822,game
30,1,31,5.667,5.3135,1,4,0.8335,music
31,1,32,7.0507,6.2795,1,4,0.9275,game
32,1,33,5.1509,5.0469,0,4,0.4,movie
33,1,34,5.9818,4.2239,1,3,0.126,music
34,1,35,6.2387,4.3836,1,3,0.423,game
35,1,36,4.8757,4.8084,1,3,0.4289,game
36,1,37,6.7092,3.9121,1,4,0.4527,game
37,1,38,5.3681,2.7171,0,3,0.2472,short_video
38,1,39,5.2997,4.2868,0,2,0.641,game
39,1,40,3.2849,3.2657,0,2,0.6282,article
40,1,41,4.5342,5.0437,1,4,0.1833,game
41,1,42,5.7609,7.022,0,3,0.668,music
42,1,43,5.8525,6.5911,1,3,0.8862,music
43,1,44,5.8567,6.3503,1,3,0.5429,music
44,1,45,5.4543,5.0364,0,3,0.4165,game
45,1,46,5.7014,5.8345,1,4,0.4646,music
46,1,47,4.9849,4.2786,0,3,0.6491,article
47,1,48,5.0744,4.5669,0,2,0.1505,game
48,1,49,5.9484,2.9136,1,4,0.541,article
49,1,50,3.9494,3.2872,0,2,0.4036,short_video
50,1,51,4.5104,4.6378,0,3,0.8639,music
51,1,52,5.7586,3.4962,0,4,0.4566,music
52,1,53,6.3567,4.0347,1,4,0.8413,short_video
53,1,54,4.5254,4.8921,1,3,0.249,music
54,1,55,4.2212,4.0967,1,3,0.6427,music
55,1,56,5.8804,3.197,1,4,0.5792,article
56,1,57,4.3231,5.6681,0,2,0.2955,game
57,1,58,5.8155,5.7282,1,4,0.5442,movie
58,1,59,5.7875,4.1096,0,3,0.7707,game
59,1,60,5.722,4.9125,1,3,0.4198,game
60,1,61,4.791,5.9055,0,3,0.1555,article
61,1,62,5.8935,3.243,1,3,0.4956,short_video
62,1,63,4.7327,4.9842,1,3,0.2886,movie
63,1,64,4.6646,5.1414,0,3,0.4152,movie
64,1,65,5.5303,4.6143,1,4,0.4796,short_video
65,1,66,5.4313,3.8762,0,3,0.1537,movie
66,1,67,4.1798,5.4444,0,3,0.1658,music
67,1,68,5.2898,4.6567,1,4,0.6182,movie
68,1,69,6.1329,4.8704,1,4,0.3722,movie
69,1,70,5.818,6.0795,0,2,0.0714,article
70,1,71,6.7731,5.6973,1,4,0.6867,movie
71,1,72,5.6373,6.1152,1,3,0.5677,movie
72,1,73,5.7219,4.7937,1,4,0.3287,article
73,1,74,5.2651,4.808,1,4,0.2113,movie
74,1,75,4.588,5.0365,1,4,0.6976,article
75,1,76,3.8891,4.5365,0,2,0.5865,movie
76,1,77,5.7933,6.3487,1,3,0.9155,movie
77,1,78,4.6435,6.7157,0,3,0.6035,movie
78,1,79,4.9775,5.6373,1,4,0.5957,short_video
79,1,80,7.182,4.1909,1,4,0.4584,short_video
80,1,81,6.4911,6.2305,1,5,0.6936,game
81,1,82,4.8103,5.8403,0,2,0.6514,music
82,1,83,4.6725,5.3755,0,3,0.7776,movie
83,1,84,4.4182,6.6319,0,3,0.3725,game
84,1,85,5.5457,2.9874,0,3,0.3928,music
85,1,86,4.5286,6.1697,0,3,0.3825,game
86,1,87,5.9548,4.9014,1,4,0.688,short_video
87,1,88,5.112,4.8188,1,4,0.8173,article
88,1,89,5.4741,4.9089,1,4,0.3873,game
89,1,90,3.6877,5.3296,0,3,0.3954,movie
90,1,91,4.874,5.0878,1,3,0.5779,music
91,1,92,5.6969,2.7783,0,3,0.4389,article
92,1,93,4.6267,4.242,0,3,0.7215,game
93,1,94,4.699,4.611,0,3,0.0952,short_video
94,1,95,4.6513,4.3388,0,3,0.3043,game
95,1,96,4.7167,5.2593,0,2,0.3138,movie
96,1,97,4.4438,4.9007,0,2,0.0895,article
97,1,98,4.7789,5.0537,0,2,0.2762,short_video
98,1,99,6.2497,4.3076,1,3,0.2859,article
99,1,100,5.8652,5.9334,1,4,0.4499,article
100,2,1,5.5574,4.7952,1,4,0.6261,short_video
101,2,2,5.202,3.857,1,3,0.3595,music
102,2,3,6.4386,6.6078,1,4,0.7815,movie
103,2,4,4.8985,5.2938,0,2,0.3481,movie
104,2,5,5.0235,5.668,1,3,0.346,article
105,2,6,5.6823,5.0875,1,5,0.6321,movie
106,2,7,5.8639,6.1541,1,4,0.682,short_video
107,2,8,4.2745,5.5551,1,4,0.6102,music
108,2,9,5.1988,3.9052,0,2,0.1564,short_video
109,2,10,4.6715,4.6215,1,3,0.6314,movie
110,2,11,4.6329,5.5489,1,2,0.2622,article
111,2,12,5.5912,3.8464,1,4,0.5585,short_video
112,2,13,4.4025,6.7097,0,2,0.1941,game
113,2,14,6.2548,4.6962,1,4,0.6098,music
114,2,15,5.7385,4.8375,1,3,0.3086,article
115,2,16,5.3303,5.9432,0,2,0.2171,music
116,2,17,5.3042,4.2699,1,3,0.6712,game
117,2,18,4.1495,5.0369,0,2,0.5601,music
118,2,19,5.3365,5.22,1,3,0.3512,music
119,2,20,5.3821,7.4282,1,4,0.8102,game
120,2,21,5.1887,5.1258,1,4,0.3916,movie
121,2,22,5.0406,4.5929,0,3,0.508,movie
122,2,23,4.9968,6.0898,1,4,0.5668,music
123,2,24,5.5258,6.0872,1,3,0.3499,movie
124,2,25,6.262,4.117,1,4,0.6157,game
125,2,26,4.9993,4.2019,1,3,0.3697,article
126,2,27,6.5462,3.731,1,4,0.3985,movie
127,2,28,6.7007,5.5385,1,4,0.7962,movie
128,2,29,5.8504,4.7848,1,4,0.261,movie
129,2,30,5.1087,3.7285,1,3,0.0822,game
130,2,31,4.8619,3.8343,1,3,0.8335,music
131,2,32,5.677,5.474,1,4,0.9275,game
132,2,33,5.7038,5.6044,1,3,0.4,movie
133,2,34,5.0345,3.8951,0,2,0.126,music
134,2,35,4.8772,4.5376,1,3,0.423,game
135,2,36,5.4132,4.9466,1,3,0.4289,game
136,2,37,4.1785,5.0172,0,3,0.4527,game
137,2,38,5.3624,6.3699,1,3,0.2472,short_video
138,2,39,6.8155,5.029,1,4,0.641,game
139,2,40,5.7431,7.447,0,3,0.6282,article
140,2,41,4.0096,5.8566,0,3,0.1833,game
141,2,42,5.8432,4.1569,1,3,0.668,music
142,2,43,4.3458,5.884,0,3,0.8862,music
143,2,44,6.6148,2.4595,1,3,0.5429,music
144,2,45,4.22,6.0462,0,3,0.4165,game
145,2,46,4.0217,3.9101,0,3,0.4646,music
146,2,47,5.6703,6.1088,1,4,0.6491,article
147,2,48,5.9969,4.2358,1,3,0.1505,game
148,2,49,5.7859,4.8225,1,3,0.541,article
149,2,50,5.6612,4.8713,1,4,0.4036,short_video
150,2,51,4.5844,5.8356,0,3,0.8639,music
151,2,52,5.5668,4.6175,1,3,0.4566,music
152,2,53,6.0158,4.6812,1,3,0.8413,short_video
153,2,54,4.7211,3.7752,0,4,0.249,music
154,2,55,5.8653,4.2697,0,3,0.6427,music
155,2,56,4.6243,4.2412,1,3,0.5792,article
156,2,57,5.611,5.4031,1,4,0.2955,game
157,2,58,4.8649,4.0073,1,4,0.5442,movie
158,2,59,6.2953,8.0742,1,4,0.7707,game
159,2,60,5.6567,3.8417,1,3,0.4198,game
160,2,61,5.8828,5.8569,1,3,0.1555,article
161,2,62,6.0633,5.3246,1,4,0.4956,short_video
162,2,63,5.3235,4.8133,1,4,0.2886,movie
163,2,64,5.041,7.6506,0,4,0.4152,movie
164,2,65,5.1335,5.5851,1,3,0.4796,short_video
165,2,66,3.904,5.3911,0,2,0.1537,movie
166,2,67,6.0471,4.1929,1,3,0.1658,music
167,2,68,5.8537,3.0686,0,3,0.6182,movie
168,2,69,5.7308,3.565,0,4,0.3722,movie
169,2,70,5.5637,3.5834,1,4,0.0714,article
170,2,71,4.4695,4.9775,0,2,0.6867,movie
171,2,72,5.9974,4.5959,1,4,0.5677,movie
172,2,73,5.0785,5.3245,1,3,0.3287,article
173,2,74,6.1675,6.1947,1,4,0.2113,movie
174,2,75,3.749,5.0147,0,3,0.6976,article
175,2,76,5.8466,3.4431,1,3,0.5865,movie
176,2,77,5.5562,3.9356,1,4,0.9155,movie
177,2,78,4.9701,3.9799,1,4,0.6035,movie
178,2,79,4.1191,5.7564,0,3,0.5957,short_video
179,2,80,5.5267,6.8283,1,3,0.4584,short_video
180,2,81,5.3995,4.14,1,3,0.6936,game
181,2,82,5.9668,6.2571,1,3,0.6514,music
182,2,83,5.5195,4.7942,1,3,0.7776,movie
183,2,84,4.1878,6.5217,0,2,0.3725,game
184,2,85,6.4314,5.3466,1,4,0.3928,music
185,2,86,6.2916,5.2698,1,3,0.3825,game
186,2,87,5.8027,4.9532,1,4,0.688,short_video
187,2,88,5.7349,4.4369,1,3,0.8173,article
188,2,89,5.5201,3.793,1,4,0.3873,game
189,2,90,5.6501,5.1112,1,4,0.3954,movie
190,2,91,5.8528,4.7743,1,4,0.5779,music
191,2,92,5.3796,4.6378,1,3,0.4389,article
192,2,93,5.8257,6.3383,1,4,0.7215,game
193,2,94,4.8651,5.0041,0,3,0.0952,short_video
194,2,95,4.7766,3.4579,0,3,0.3043,game
195,2,96,5.9859,4.8031,1,4,0.3138,movie
196,2,97,5.4308,4.7136,1,4,0.0895,article
197,2,98,4.7757,3.4025,0,2,0.2762,short_video
198,2,99,4.2025,5.8168,1,3,0.2859,article
199,2,100,6.4799,4.6508,1,4,0.4499,article
200,3,1,6.1639,6.2856,1,4,0.6261,short_video
201,3,2,4.5534,5.003,0,3,0.3595,music
202,3,3,4.9977,7.5047,1,4,0.7815,movie
203,3,4,5.9032,4.7077,1,4,0.3481,movie
204,3,5,5.4546,5.7345,1,3,0.346,article
205,3,6,6.4799,5.4582,1,4,0.6321,movie
206,3,7,5.2713,4.3918,0,3,0.682,short_video
207,3,8,6.4331,4.002,1,4,0.6102,music
208,3,9,5.2495,5.7031,1,3,0.1564,short_video
209,3,10,5.0034,5.3005,1,4,0.6314,movie
210,3,11,4.7056,7.0049,0,2,0.2622,article
211,3,12,6.2287,6.707,1,4,0.5585,short_video
212,3,13,4.91,5.5199,0,2,0.1941,game
213,3,14,5.9264,5.437,0,2,0.6098,music
214,3,15,4.2824,4.0981,0,3,0.3086,article
215,3,16,6.2442,2.2651,1,4,0.2171,music
216,3,17,6.7729,4.9764,1,4,0.6712,game
217,3,18,5.8906,4.9309,1,4,0.5601,music
218,3,19,4.2733,5.824,0,3,0.3512,music
219,3,20,5.516,2.9616,1,4,0.8102,game
220,3,21,5.2074,4.8797,0,3,0.3916,movie
221,3,22,5.2055,5.2196,0,3,0.508,movie
222,3,23,5.6491,6.0429,1,3,0.5668,music
223,3,24,5.2325,4.5256,0,3,0.3499,movie
224,3,25,5.4266,5.7137,1,4,0.6157,game
225,3,26,5.3487,6.5878,0,3,0.3697,article
226,3,27,4.1236,6.2412,0,2,0.3985,movie
227,3,28,5.5553,6.4726,1,3,0.7962,movie
228,3,29,5.8831,2.8921,0,4,0.261,movie
229,3,30,6.1483,3.9231,1,4,0.0822,game
230,3,31,5.9642,4.2596,1,3,0.8335,music
231,3,32,4.6716,4.5141,1,3,0.9275,game
232,3,33,5.2162,4.9586,1,4,0.4,movie
233,3,34,4.8168,4.6179,0,3,0.126,music
234,3,35,5.6358,5.387,1,4,0.423,game
235,3,36,6.2349,5.0277,1,3,0.4289,game
236,3,37,4.8168,5.9939,0,2,0.4527,game
237,3,38,4.4632,4.2343,1,3,0.2472,short_video
238,3,39,4.6654,4.5563,1,3,0.641,game
239,3,40,5.6427,3.5246,1,3,0.6282,article
240,3,41,4.5567,5.0291,0,2,0.1833,game
241,3,42,5.9012,3.0403,1,3,0.668,music
242,3,43,6.9758,3.5431,1,4,0.8862,music
243,3,44,6.4092,5.0402,1,3,0.5429,music
244,3,45,5.8618,3.2335,1,4,0.4165,game
245,3,46,5.0702,6.5575,0,3,0.4646,music
246,3,47,5.6637,5.691,0,3,0.6491,article
247,3,48,4.9743,6.8808,0,3,0.1505,game
248,3,49,4.5858,4.4121,0,3,0.541,article
249,3,50,4.387,5.997,0,3,0.4036,short_video
250,3,51,6.9112,4.5516,1,3,0.8639,music
251,3,52,4.6989,4.5472,0,4,0.4566,music
252,3,53,7.1571,5.9511,1,4,0.8413,short_video
253,3,54,5.5105,6.7065,1,5,0.249,music
254,3,55,4.0767,4.1213,1,3,0.6427,music
255,3,56,7.2441,6.506,1,4,0.5792,article
256,3,57,5.1752,4.3002,1,4,0.2955,game
257,3,58,5.1035,3.9999,1,4,0.5442,movie
258,3,59,5.5018,3.8106,0,3,0.7707,game
259,3,60,4.5117,4.3188,1,4,0.4198,game
260,3,61,5.3096,5.2914,0,3,0.1555,article
261,3,62,4.5954,4.92,0,3,0.4956,short_video
262,3,63,4.8792,4.393,0,2,0.2886,movie
263,3,64,6.0424,6.2029,1,4,0.4152,movie
264,3,65,4.158,5.5761,0,2,0.4796,short_video
265,3,66,5.9013,4.7249,0,2,0.1537,movie
266,3,67,3.5005,4.8267,0,2,0.1658,music
267,3,68,4.5529,4.9615,0,3,0.6182,movie
268,3,69,5.6923,4.5558,1,3,0.3722,movie
269,3,70,5.7693,7.6898,0,3,0.0714,article
270,3,71,7.7477,6.8233,1,5,0.6867,movie
271,3,72,6.1613,4.3206,0,2,0.5677,movie
272,3,73,2.9772,5.5583,0,2,0.3287,article
273,3,74,5.1888,6.5279,1,3,0.2113,movie
274,3,75,5.176,5.6482,0,3,0.6976,article
275,3,76,5.2187,5.4043,1,3,0.5865,movie
276,3,77,5.0284,5.3328,1,3,0.9155,movie
277,3,78,5.6468,3.7634,0,2,0.6035,movie
278,3,79,4.463,5.4438,0,3,0.5957,short_video
279,3,80,5.1628,3.8681,0,3,0.4584,short_video
280,3,81,4.2067,2.683,0,3,0.6936,game
281,3,82,5.8149,3.7245,1,3,0.6514,music
282,3,83,4.8008,6.2799,1,3,0.7776,movie
283,3,84,6.1143,6.51,1,4,0.3725,game
284,3,85,4.4715,5.316,0,2,0.3928,music
285,3,86,7.0414,2.1442,1,4,0.3825,game
286,3,87,5.4952,5.4252,0,3,0.688,short_video
287,3,88,5.1182,4.9234,0,2,0.8173,article
288,3,89,5.9343,5.6289,0,4,0.3873,game
289,3,90,5.6079,5.3419,1,4,0.3954,movie
290,3,91,4.9845,4.5658,1,4,0.5779,music
291,3,92,4.5462,4.4362,0,2,0.4389,article
292,3,93,6.1153,6.0821,1,3,0.7215,game
293,3,94,4.7078,5.266,0,2,0.0952,short_video
294,3,95,4.8065,4.7022,0,2,0.3043,game
295,3,96,5.593,4.6034,1,4,0.3138,movie
296,3,97,4.8333,5.3643,0,2,0.0895,article
297,3,98,5.5705,4.8833,1,4,0.2762,short_video
298,3,99,5.1201,4.6631,0,2,0.2859,article
299,3,100,4.4745,4.9881,0,2,0.4499,article
300,4,1,4.357,4.4264,0,2,0.6261,short_video
301,4,2,5.9313,6.8673,1,3,0.3595,music
302,4,3,5.2782,5.488,0,3,0.7815,movie
303,4,4,5.41,6.082,1,4,0.3481,movie
304,4,5,5.9609,3.397,1,4,0.346,article
305,4,6,6.0086,4.8998,1,4,0.6321,movie
306,4,7,5.0234,5.3501,1,4,0.682,short_video
307,4,8,5.3077,5.086,1,4,0.6102,music
308,4,9,5.1047,5.5885,1,4,0.1564,short_video
309,4,10,4.8304,2.1436,0,3,0.6314,movie
310,4,11,5.6136,4.7283,1,3,0.2622,article
311,4,12,5.8775,6.3671,0,4,0.5585,short_video
312,4,13,5.064,4.7521,0,3,0.1941,game
313,4,14,4.7133,4.2815,1,3,0.6098,music
314,4,15,4.9199,5.6106,0,3,0.3086,article
315,4,16,5.106,4.9289,0,2,0.2171,music
316,4,17,5.9634,4.1016,1,4,0.6712,game
317,4,18,5.3961,4.5364,0,3,0.5601,music
318,4,19,6.4449,3.4697,1,4,0.3512,music
319,4,20,5.445,4.92,1,4,0.8102,game
320,4,21,4.7924,4.8445,0,3,0.3916,movie
321,4,22,5.109,4.1412,1,4,0.508,movie
322,4,23,5.2382,4.6179,1,4,0.5668,music
323,4,24,5.8963,3.7566,1,3,0.3499,movie
324,4,25,5.1517,5.5179,0,3,0.6157,game
325,4,26,4.128,5.3957,0,3,0.3697,article
326,4,27,5.5984,6.1366,1,4,0.3985,movie
327,4,28,5.5084,5.9136,1,3,0.7962,movie
328,4,29,5.4931,6.1634,1,4,0.261,movie
329,4,30,5.2907,4.7143,0,4,0.0822,game
330,4,31,4.8652,4.6552,1,3,0.8335,music
331,4,32,3.6817,4.7973,1,3,0.9275,game
332,4,33,6.3821,3.0125,1,3,0.4,movie
333,4,34,5.2012,5.4193,0,3,0.126,music
334,4,35,6.0182,5.2362,1,4,0.423,game
335,4,36,6.2235,5.6348,1,4,0.4289,game
336,4,37,4.9539,3.5422,0,4,0.4527,game
337,4,38,5.4005,4.7112,1,4,0.2472,short_video
338,4,39,3.8504,4.6712,0,3,0.641,game
339,4,40,5.4621,3.7696,1,4,0.6282,article
340,4,41,4.3728,5.3529,0,1,0.1833,game
341,4,42,5.0078,4.6198,1,3,0.668,music
342,4,43,5.2614,5.4218,0,2,0.8862,music
343,4,44,6.2094,3.3467,1,4,0.5429,music
344,4,45,3.8456,4.4951,0,2,0.4165,game
345,4,46,4.5044,6.4593,0,3,0.4646,music
346,4,47,5.524,3.9758,1,3,0.6491,article
347,4,48,6.4404,5.7509,1,4,0.1505,game
348,4,49,6.4425,5.7221,1,4,0.541,article
349,4,50,4.6228,4.9196,0,2,0.4036,short_video
350,4,51,5.7368,3.2794,1,4,0.8639,music
351,4,52,5.1812,4.5923,0,4,0.4566,music
352,4,53,4.8704,5.1153,1,3,0.8413,short_video
353,4,54,4.4612,5.3758,1,3,0.249,music
354,4,55,5.2162,4.764,1,4,0.6427,music
355,4,56,5.0483,7.2151,1,4,0.5792,article
356,4,57,6.3288,6.6675,1,3,0.2955,game
357,4,58,5.364,4.4139,1,4,0.5442,movie
358,4,59,5.0519,4.8935,1,4,0.7707,game
359,4,60,5.3786,5.0767,0,3,0.4198,game
360,4,61,4.5826,3.5608,0,3,0.1555,article
361,4,62,5.594,4.7279,0,2,0.4956,short_video
362,4,63,5.468,6.3611,1,4,0.2886,movie
363,4,64,5.6742,2.8649,0,3,0.4152,movie
364,4,65,4.3646,4.2754,0,3,0.4796,short_video
365,4,66,5.2961,5.561,0,3,0.1537,movie
366,4,67,4.9927,2.8998,0,3,0.1658,music
367,4,68,5.7764,3.5377,1,4,0.6182,movie
368,4,69,5.9023,3.289,0,3,0.3722,movie
369,4,70,5.1621,5.5376,1,4,0.0714,article
370,4,71,4.8199,5.8331,1,3,0.6867,movie
371,4,72,5.2792,5.6984,1,4,0.5677,movie
372,4,73,4.9877,5.164,0,3,0.3287,article
373,4,74,5.213,3.4804,0,3,0.2113,movie
374,4,75,4.7634,4.0197,1,4,0.6976,article
375,4,76,5.1181,4.1891,1,4,0.5865,movie
376,4,77,6.4299,6.7923,1,4,0.9155,movie
377,4,78,5.3604,5.2756,1,2,0.6035,movie
378,4,79,4.4643,4.5026,0,3,0.5957,short_video
379,4,80,4.7043,5.4833,0,2,0.4584,short_video
380,4,81,4.3467,3.3451,0,3,0.6936,game
381,4,82,4.8016,5.3589,0,3,0.6514,music
382,4,83,5.2297,6.1545,1,4,0.7776,movie
383,4,84,5.8635,3.0944,1,4,0.3725,game
384,4,85,5.5279,5.0922,0,3,0.3928,music
385,4,86,5.4263,5.3327,0,3,0.3825,game
386,4,87,4.8326,7.1403,1,3,0.688,short_video
387,4,88,4.8607,4.6271,0,3,0.8173,article
388,4,89,5.5308,3.3427,1,4,0.3873,game
389,4,90,5.8489,6.0408,1,3,0.3954,movie
390,4,91,5.2755,3.8591,1,3,0.5779,music
391,4,92,5.353,5.7934,1,3,0.4389,article
392,4,93,6.0582,4.1602,1,3,0.7215,game
393,4,94,4.3291,6.3484,1,3,0.0952,short_video
394,4,95,6.3339,5.1448,1,4,0.3043,game
395,4,96,5.5927,5.4416,0,3,0.3138,movie
396,4,97,3.97,6.9299,1,4,0.0895,article
397,4,98,5.1837,4.8129,0,3,0.2762,short_video
398,4,99,4.149,5.786,0,3,0.2859,article
399,4,100,5.7329,5.3992,0,4,0.4499,article
400,5,1,4.8897,4.792,1,3,0.6261,short_video
401,5,2,5.0998,3.1994,1,3,0.3595,music
402,5,3,4.9997,4.5711,1,4,0.7815,movie
403,5,4,5.5785,6.2209,0,2,0.3481,movie
404,5,5,4.3165,4.5059,0,3,0.346,article
405,5,6,6.7209,5.329,1,4,0.6321,movie
406,5,7,5.7293,6.7151,1,4,0.682,short_video
407,5,8,5.2065,5.1998,0,3,0.6102,music
408,5,9,4.2877,4.7936,0,1,0.1564,short_video
409,5,10,5.0757,4.8381,0,3,0.6314,movie
410,5,11,5.5349,3.7891,0,4,0.2622,article
411,5,12,5.5921,5.0997,0,3,0.5585,short_video
412,5,13,4.3178,3.5582,1,4,0.1941,game
413,5,14,5.7332,5.8049,0,3,0.6098,music
414,5,15,5.0361,3.5623,0,4,0.3086,article
415,5,16,3.5785,6.2231,0,2,0.2171,music
416,5,17,5.0989,4.0608,0,3,0.6712,game
417,5,18,5.182,5.0063,0,3,0.5601,music
418,5,19,4.6531,5.2564,0,3,0.3512,music
419,5,20,5.4866,4.5119,1,3,0.8102,game
420,5,21,4.8285,4.4099,0,3,0.3916,movie
421,5,22,4.7776,3.2539,0,3,0.508,movie
422,5,23,6.4241,6.9847,1,4,0.5668,music
423,5,24,5.6174,5.3312,1,3,0.3499,movie
424,5,25,3.744,5.1404,0,3,0.6157,game
425,5,26,5.3529,4.7125,1,4,0.3697,article
426,5,27,4.8254,4.8412,0,3,0.3985,movie
427,5,28,4.8921,3.9504,1,3,0.7962,movie
428,5,29,5.6263,6.4487,1,4,0.261,movie
429,5,30,6.4537,4.5481,1,3,0.0822,game
430,5,31,5.8091,4.682,1,4,0.8335,music
431,5,32,5.3689,4.6511,1,4,0.9275,game
432,5,33,5.0056,6.1405,1,4,0.4,movie
433,5,34,5.5944,6.202,1,3,0.126,music
434,5,35,4.9122,6.4781,0,2,0.423,game
435,5,36,4.7894,5.1023,0,3,0.4289,game
436,5,37,6.3477,5.3997,1,5,0.4527,game
437,5,38,5.6236,5.924,0,3,0.2472,short_video
438,5,39,5.1323,7.4334,1,5,0.641,game
439,5,40,4.4781,2.3399,1,3,0.6282,article
440,5,41,6.0048,5.5089,1,3,0.1833,game
441,5,42,6.4077,3.2199,1,4,0.668,music
442,5,43,6.4156,4.9413,1,4,0.8862,music
443,5,44,5.3908,4.1148,1,3,0.5429,music
444,5,45,5.3524,4.4196,1,4,0.4165,game
445,5,46,5.4296,6.1131,0,3,0.4646,music
446,5,47,4.0996,6.0074,0,3,0.6491,article
447,5,48,4.6963,4.2229,0,3,0.1505,game
448,5,49,4.8163,3.7751,1,2,0.541,article
449,5,50,5.4039,4.0271,1,3,0.4036,short_video
450,5,51,4.7037,5.3025,0,2,0.8639,music
451,5,52,6.0147,4.4424,1,3,0.4566,music
452,5,53,6.3419,5.7041,1,5,0.8413,short_video
453,5,54,4.5918,5.776,0,2,0.249,music
454,5,55,6.4696,6.2548,1,3,0.6427,music
455,5,56,5.6054,5.9228,1,3,0.5792,article
456,5,57,5.6838,3.3388,0,3,0.2955,game
457,5,58,4.9988,5.4559,1,3,0.5442,movie
458,5,59,4.9472,4.4462,1,4,0.7707,game
459,5,60,4.584,5.4811,1,4,0.4198,game
460,5,61,5.7341,5.4374,1,4,0.1555,article
461,5,62,4.4646,3.4142,1,4,0.4956,short_video
462,5,63,5.1128,5.3572,1,4,0.2886,movie
463,5,64,5.4164,5.9513,0,3,0.4152,movie
464,5,65,6.7695,4.9333,1,3,0.4796,short_video
465,5,66,5.4601,6.7118,1,4,0.1537,movie
466,5,67,3.996,5.8272,0,2,0.1658,music
467,5,68,5.2153,3.7349,1,3,0.6182,movie
468,5,69,4.6191,4.7512,0,3,0.3722,movie
469,5,70,4.7624,5.2356,0,3,0.0714,article
470,5,71,5.7374,6.0816,1,3,0.6867,movie
471,5,72,3.2982,3.9937,0,3,0.5677,movie
472,5,73,4.3847,7.8042,1,4,0.3287,article
473,5,74,6.64,3.7191,1,3,0.2113,movie
474,5,75,6.5961,3.8059,1,3,0.6976,article
475,5,76,5.0398,4.4383,0,3,0.5865,movie
476,5,77,4.9017,5.6283,0,2,0.9155,movie
477,5,78,5.9801,4.1999,1,4,0.6035,movie
478,5,79,5.9378,2.4257,1,3,0.5957,short_video
479,5,80,6.0725,4.6364,1,4,0.4584,short_video
480,5,81,4.9283,6.1558,1,4,0.6936,game
481,5,82,5.4178,4.2606,1,3,0.6514,music
482,5,83,5.9893,5.3589,1,4,0.7776,movie
483,5,84,5.3373,3.5813,1,3,0.3725,game
484,5,85,5.6673,7.0497,1,5,0.3928,music
485,5,86,5.12,7.2382,0,3,0.3825,game
486,5,87,5.4396,5.9754,1,3,0.688,short_video
487,5,88,5.0797,5.1709,1,4,0.8173,article
488,5,89,5.6209,4.8216,1,3,0.3873,game
489,5,90,5.9667,4.3351,1,3,0.3954,movie
490,5,91,4.8421,4.7645,1,3,0.5779,music
491,5,92,4.9873,7.3126,1,3,0.4389,article
492,5,93,4.9665,3.9326,0,3,0.7215,game
493,5,94,5.1886,4.8431,0,4,0.0952,short_video
494,5,95,4.6471,5.4805,1,4,0.3043,game
495,5,96,5.0396,4.9053,1,4,0.3138,movie
496,5,97,5.9076,5.4352,1,4,0.0895,article
497,5,98,4.3004,4.4736,0,2,0.2762,short_video
498,5,99,5.1899,5.2248,1,4,0.2859,article
499,5,100,5.9657,3.5511,1,4,0.4499,article
500,6,1,4.8835,5.4572,1,3,0.6261,short_video
501,6,2,5.7288,3.838,1,3,0.3595,music
502,6,3,5.7825,6.0644,1,3,0.7815,movie
503,6,4,4.8991,7.2448,1,4,0.3481,movie
504,6,5,5.5247,5.3707,1,3,0.346,article
505,6,6,4.99,3.4027,1,3,0.6321,movie
506,6,7,5.0138,4.2614,0,3,0.682,short_video
507,6,8,5.2924,4.1518,1,5,0.6102,music
508,6,9,4.0474,5.2701,0,3,0.1564,short_video
509,6,10,4.6565,4.567,0,3,0.6314,movie
510,6,11,4.4684,4.9503,0,3,0.2622,article
511,6,12,5.269,5.5794,1,4,0.5585,short_video
512,6,13,4.5688,5.2898,0,2,0.1941,game
513,6,14,5.5376,5.7836,1,4,0.6098,music
514,6,15,6.5711,5.7039,0,4,0.3086,article
515,6,16,5.7982,5.7968,1,3,0.2171,music
516,6,17,5.6958,5.5336,1,4,0.6712,game
517,6,18,4.8528,5.4893,0,3,0.5601,music
518,6,19,4.2569,3.6944,0,4,0.3512,music
519,6,20,5.4921,4.2186,1,3,0.8102,game
520,6,21,4.5627,4.1665,0,3,0.3916,movie
521,6,22,5.872,4.9815,0,3,0.508,movie
522,6,23,7.1419,4.37,1,4,0.5668,music
523,6,24,4.291,5.3932,1,3,0.3499,movie
524,6,25,4.105,5.6562,0,3,0.6157,game
525,6,26,5.1045,5.3885,0,3,0.3697,article
526,6,27,5.4516,3.3634,1,3,0.3985,movie
527,6,28,5.4237,5.0661,1,3,0.7962,movie
528,6,29,6.6226,4.7324,1,3,0.261,movie
529,6,30,5.3132,6.0113,0,3,0.0822,game
530,6,31,7.218,6.492,1,5,0.8335,music
531,6,32,5.4963,5.2477,0,3,0.9275,game
532,6,33,5.0588,4.0742,0,2,0.4,movie
533,6,34,5.3461,5.4895,1,4,0.126,music
534,6,35,6.6873,5.0077,1,4,0.423,game
535,6,36,4.7967,4.6434,0,4,0.4289,game
536,6,37,5.9189,5.5995,0,4,0.4527,game
537,6,38,4.5232,5.0728,0,3,0.2472,short_video
538,6,39,5.4976,5.4921,1,4,0.641,game
539,6,40,5.6485,6.1711,1,4,0.6282,article
540,6,41,4.4624,5.9514,0,3,0.1833,game
541,6,42,6.2432,3.4889,1,4,0.668,music
542,6,43,5.4206,4.3038,1,4,0.8862,music
543,6,44,5.3019,4.5603,1,3,0.5429,music
544,6,45,4.9143,5.0064,1,3,0.4165,game
545,6,46,4.6271,4.3507,0,3,0.4646,music
546,6,47,6.1708,3.8065,1,3,0.6491,article
547,6,48,4.7672,3.2509,1,3,0.1505,game
548,6,49,6.7436,6.1664,1,3,0.541,article
549,6,50,4.5044,3.5096,0,4,0.4036,short_video
550,6,51,7.1811,4.8739,1,4,0.8639,music
551,6,52,5.8552,5.9312,1,4,0.4566,music
552,6,53,7.5677,3.9183,1,3,0.8413,short_video
553,6,54,3.3867,5.3386,0,3,0.249,music
554,6,55,6.1004,5.2667,1,4,0.6427,music
555,6,56,5.1115,4.045,1,4,0.5792,article
556,6,57,3.8517,6.2488,0,2,0.2955,game
557,6,58,6.2736,6.1873,1,3,0.5442,movie
558,6,59,6.028,5.344,1,4,0.7707,game
559,6,60,6.8249,4.149,1,4,0.4198,game
560,6,61,5.8758,5.1461,0,3,0.1555,article
561,6,62,4.9212,3.4279,0,2,0.4956,short_video
562,6,63,5.4751,5.0431,0,2,0.2886,movie
563,6,64,6.3765,3.699,1,3,0.4152,movie
564,6,65,4.5473,4.3516,0,3,0.4796,short_video
565,6,66,5.7002,5.2534,1,4,0.1537,movie
566,6,67,4.3482,3.151,0,3,0.1658,music
567,6,68,4.6036,2.4037,1,4,0.6182,movie
568,6,69,6.0607,4.364,0,3,0.3722,movie
569,6,70,4.782,6.0074,0,3,0.0714,article
570,6,71,5.0893,4.958,1,4,0.6867,movie
571,6,72,5.4823,5.52,0,3,0.5677,movie
572,6,73,4.8699,4.5724,1,3,0.3287,article
573,6,74,6.1046,1.9607,1,4,0.2113,movie
574,6,75,3.8951,4.5254,0,3,0.6976,article
575,6,76,4.8981,5.8791,1,3,0.5865,movie
576,6,77,5.6659,5.5709,1,4,0.9155,movie
577,6,78,5.2952,4.2569,1,4,0.6035,movie
578,6,79,4.3571,5.0112,0,3,0.5957,short_video
579,6,80,5.7636,6.0474,0,3,0.4584,short_video
580,6,81,5.6324,4.6317,0,4,0.6936,game
581,6,82,4.9699,4.0867,1,3,0.6514,music
582,6,83,6.1282,3.8275,1,4,0.7776,movie
583,6,84,5.042,4.417,1,3,0.3725,game
584,6,85,6.4553,6.1788,1,4,0.3928,music
585,6,86,5.7903,5.0118,1,4,0.3825,game
586,6,87,5.9826,4.4069,1,4,0.688,short_video
587,6,88,7.098,4.6886,1,3,0.8173,article
588,6,89,5.1817,5.2587,1,3,0.3873,game
589,6,90,5.0415,5.8093,1,4,0.3954,movie
590,6,91,5.617,5.3199,1,4,0.5779,music
591,6,92,5.6877,4.1736,0,3,0.4389,article
592,6,93,6.1006,7.6608,1,3,0.7215,game
593,6,94,4.4976,4.5921,0,3,0.0952,short_video
594,6,95,3.797,4.5726,0,3,0.3043,game
595,6,96,4.8389,4.9337,1,4,0.3138,movie
596,6,97,4.5329,5.8561,0,3,0.0895,article
597,6,98,3.5872,2.4138,0,3,0.2762,short_video
598,6,99,5.6619,5.0779,0,3,0.2859,article
599,6,100,5.0548,2.7412,0,4,0.4499,article
600,7,1,4.6717,6.2,0,4,0.6261,short_video
601,7,2,3.9476,4.1534,0,2,0.3595,music
602,7,3,6.4679,4.1341,1,3,0.7815,movie
603,7,4,3.3103,4.0167,0,2,0.3481,movie
604,7,5,5.0348,4.3462,0,3,0.346,article
605,7,6,6.3806,5.6049,1,3,0.6321,movie
606,7,7,5.4683,4.6689,0,2,0.682,short_video
607,7,8,5.8815,3.3088,0,4,0.6102,music
608,7,9,5.7598,2.6489,1,3,0.1564,short_video
609,7,10,5.7407,4.861,1,4,0.6314,movie
610,7,11,5.0206,4.7224,1,4,0.2622,article
611,7,12,5.1644,4.418,1,4,0.5585,short_video
612,7,13,5.5154,3.8182,0,3,0.1941,game
613,7,14,4.7454,3.3882,0,3,0.6098,music
614,7,15,5.8406,5.0549,0,4,0.3086,article
615,7,16,4.5183,4.6368,1,3,0.2171,music
616,7,17,7.0443,4.2704,1,4,0.6712,game
617,7,18,7.0487,4.0753,1,4,0.5601,music
618,7,19,4.9091,4.9073,1,4,0.3512,music
619,7,20,6.0861,4.8731,1,3,0.8102,game
620,7,21,5.9029,4.9875,1,4,0.3916,movie
621,7,22,5.9587,5.4529,1,4,0.508,movie
622,7,23,5.5543,5.3118,1,4,0.5668,music
623,7,24,5.4775,5.526,0,3,0.3499,movie
624,7,25,6.6432,5.161,1,4,0.6157,game
625,7,26,4.2836,4.6461,0,3,0.3697,article
626,7,27,3.7996,5.375,0,2,0.3985,movie
627,7,28,5.7363,3.1643,1,4,0.7962,movie
628,7,29,5.2026,3.4715,1,4,0.261,movie
629,7,30,5.0317,5.6975,0,2,0.0822,game
630,7,31,4.4011,4.9004,1,4,0.8335,music
631,7,32,4.4295,4.9731,1,5,0.9275,game
632,7,33,4.6018,6.5414,1,3,0.4,movie
633,7,34,5.9477,3.9794,1,4,0.126,music
634,7,35,5.999,4.9025,0,3,0.423,game
635,7,36,4.7217,6.2789,1,4,0.4289,game
636,7,37,5.3577,5.3112,0,4,0.4527,game
637,7,38,4.4582,5.7523,0,3,0.2472,short_video
638,7,39,6.0344,6.0629,1,3,0.641,game
639,7,40,6.053,5.728,1,4,0.6282,article
640,7,41,5.3437,3.434,1,3,0.1833,game
641,7,42,5.1695,4.8724,1,4,0.668,music
642,7,43,6.0785,3.2559,1,5,0.8862,music
643,7,44,4.4029,4.4348,0,3,0.5429,music
644,7,45,5.6018,5.3998,1,4,0.4165,game
645,7,46,5.8583,5.4178,1,4,0.4646,music
646,7,47,5.9203,6.4359,1,4,0.6491,article
647,7,48,4.7836,4.0743,0,2,0.1505,game
648,7,49,4.1603,6.3084,0,3,0.541,article
649,7,50,4.9242,5.3287,0,4,0.4036,short_video
650,7,51,5.78,3.8959,1,3,0.8639,music
651,7,52,5.1072,7.2464,1,3,0.4566,music
652,7,53,5.7813,6.1993,1,5,0.8413,short_video
653,7,54,6.3379,4.422,1,4,0.249,music
654,7,55,4.6277,4.7604,1,4,0.6427,music
655,7,56,5.9821,5.2878,1,4,0.5792,article
656,7,57,5.689,5.9763,0,3,0.2955,game
657,7,58,4.2489,4.904,0,3,0.5442,movie
658,7,59,3.9796,4.6542,0,2,0.7707,game
659,7,60,6.2746,3.4031,1,3,0.4198,game
660,7,61,5.6345,6.311,1,3,0.1555,article
661,7,62,5.4285,4.0436,0,3,0.4956,short_video
662,7,63,4.1087,4.0485,0,2,0.2886,movie
663,7,64,5.3317,4.0279,0,3,0.4152,movie
664,7,65,5.792,4.6476,0,3,0.4796,short_video
665,7,66,5.5525,6.0652,1,4,0.1537,movie
666,7,67,5.6585,3.2871,0,3,0.1658,music
667,7,68,6.2598,4.8047,1,4,0.6182,movie
668,7,69,5.5131,5.118,1,4,0.3722,movie
669,7,70,6.0226,3.3595,0,3,0.0714,article
670,7,71,6.2367,5.0158,1,3,0.6867,movie
671,7,72,4.6904,6.494,1,3,0.5677,movie
672,7,73,5.561,7.102,1,4,0.3287,article
673,7,74,4.8133,5.3035,0,2,0.2113,movie
674,7,75,5.4293,4.38,1,3,0.6976,article
675,7,76,4.7493,5.7457,1,4,0.5865,movie
676,7,77,5.6126,5.2338,1,3,0.9155,movie
677,7,78,5.1405,3.239,1,4,0.6035,movie
678,7,79,5.8183,4.6192,1,4,0.5957,short_video
679,7,80,6.0296,4.9356,1,4,0.4584,short_video
680,7,81,6.1045,5.2156,1,4,0.6936,game
681,7,82,6.0435,5.9876,1,4,0.6514,music
682,7,83,4.9504,4.961,0,3,0.7776,movie
683,7,84,4.7077,4.3127,0,3,0.3725,game
684,7,85,5.9065,4.8536,1,3,0.3928,music
685,7,86,4.598,5.2197,0,3,0.3825,game
686,7,87,3.1985,5.1496,0,3,0.688,short_video
687,7,88,6.2518,4.1118,1,4,0.8173,article
688,7,89,4.9568,3.66,0,3,0.3873,game
689,7,90,5.019,5.5154,0,4,0.3954,movie
690,7,91,5.2407,5.202,1,4,0.5779,music
691,7,92,5.7785,5.4586,1,4,0.4389,article
692,7,93,5.9101,3.4621,1,4,0.7215,game
693,7,94,5.8687,4.8234,1,3,0.0952,short_video
694,7,95,4.5099,4.9207,0,3,0.3043,game
695,7,96,4.9713,5.4956,0,2,0.3138,movie
696,7,97,3.6135,3.4489,0,2,0.0895,article
697,7,98,6.1357,5.0073,1,4,0.2762,short_video
698,7,99,4.1659,5.6275,0,2,0.2859,article
699,7,100,4.7945,5.2479,0,2,0.4499,article
700,8,1,4.5562,4.9784,1,4,0.6261,short_video
701,8,2,5.1974,3.4752,0,3,0.3595,music
702,8,3,6.4156,5.5938,1,4,0.7815,movie
703,8,4,5.0985,3.6113,0,3,0.3481,movie
704,8,5,5.0152,5.1343,0,3,0.346,article
705,8,6,5.6399,3.0038,1,4,0.6321,movie
706,8,7,5.6395,5.9046,0,4,0.682,short_video
707,8,8,4.8558,4.7094,0,3,0.6102,music
708,8,9,6.7834,4.761,1,4,0.1564,short_video
709,8,10,5.7426,4.215,1,3,0.6314,movie
710,8,11,5.5598,5.5994,1,4,0.2622,article
711,8,12,4.1763,3.6971,0,3,0.5585,short_video
712,8,13,4.7449,3.9453,0,3,0.1941,game
713,8,14,4.6121,4.9107,0,3,0.6098,music
714,8,15,4.3157,6.3334,0,1,0.3086,article
715,8,16,6.0543,5.1918,1,4,0.2171,music
716,8,17,4.8746,4.9829,1,5,0.6712,game
717,8,18,4.9778,4.8938,1,4,0.5601,music
718,8,19,6.1068,3.6911,1,4,0.3512,music
719,8,20,5.2653,5.241,1,4,0.8102,game
720,8,21,5.4694,5.8693,1,4,0.3916,movie
721,8,22,6.9008,5.3466,1,4,0.508,movie
722,8,23,4.9406,4.4567,1,3,0.5668,music
723,8,24,5.8389,5.4721,1,3,0.3499,movie
724,8,25,5.8404,6.2629,0,3,0.6157,game
725,8,26,5.1838,6.0135,1,3,0.3697,article
726,8,27,6.0529,3.8761,0,2,0.3985,movie
727,8,28,4.8252,4.6842,1,3,0.7962,movie
728,8,29,5.9078,4.3755,1,4,0.261,movie
729,8,30,4.3371,5.113,0,2,0.0822,game
730,8,31,4.1195,4.77,1,3,0.8335,music
731,8,32,5.6798,4.5424,1,4,0.9275,game
732,8,33,5.2358,5.1842,1,3,0.4,movie
733,8,34,4.9753,4.5358,1,3,0.126,music
734,8,35,5.0547,5.1647,1,4,0.423,game
735,8,36,5.5516,5.6521,1,4,0.4289,game
736,8,37,5.4781,3.8536,0,3,0.4527,game
737,8,38,6.0915,4.5202,1,3,0.2472,short_video
738,8,39,4.3297,2.7994,1,4,0.641,game
739,8,40,4.6092,4.2791,1,3,0.6282,article
740,8,41,6.1569,4.5108,1,4,0.1833,game
741,8,42,6.0747,5.7991,1,3,0.668,music
742,8,43,5.4939,3.2022,1,4,0.8862,music
743,8,44,4.6031,3.4623,0,3,0.5429,music
744,8,45,5.9343,5.707,1,4,0.4165,game
745,8,46,6.0186,4.0589,1,4,0.4646,music
746,8,47,5.7717,5.6011,1,4,0.6491,article
747,8,48,4.373,4.8582,0,3,0.1505,game
748,8,49,5.1737,3.6305,0,3,0.541,article
749,8,50,5.7301,6.9388,0,3,0.4036,short_video
750,8,51,6.5079,3.7609,1,4,0.8639,music
751,8,52,5.4147,6.0009,1,4,0.4566,music
752,8,53,5.4814,4.941,1,4,0.8413,short_video
753,8,54,7.0694,5.6296,1,4,0.249,music
754,8,55,5.2544,3.4323,0,3,0.6427,music
755,8,56,7.1691,3.9453,1,5,0.5792,article
756,8,57,6.4578,5.9903,1,3,0.2955,game
757,8,58,4.4037,6.4215,0,3,0.5442,movie
758,8,59,5.8794,3.5405,1,4,0.7707,game
759,8,60,4.0216,5.7421,0,3,0.4198,game
760,8,61,3.9754,5.3287,1,4,0.1555,article
761,8,62,7.0052,5.6378,1,4,0.4956,short_video
762,8,63,5.4349,4.9953,0,3,0.2886,movie
763,8,64,4.6875,5.4455,0,3,0.4152,movie
764,8,65,6.0682,3.5752,1,4,0.4796,short_video
765,8,66,4.2127,6.4606,0,2,0.1537,movie
766,8,67,5.4718,5.1418,1,3,0.1658,music
767,8,68,5.6528,4.1127,1,4,0.6182,movie
768,8,69,5.2555,4.7441,0,4,0.3722,movie
769,8,70,4.9987,3.3669,0,2,0.0714,article
770,8,71,4.8173,5.2342,0,3,0.6867,movie
771,8,72,5.4001,3.9334,1,3,0.5677,movie
772,8,73,5.3231,5.817,1,4,0.3287,article
773,8,74,4.0278,3.2866,0,2,0.2113,movie
774,8,75,5.0632,4.8185,1,4,0.6976,article
775,8,76,5.0214,4.9481,1,3,0.5865,movie
776,8,77,4.7667,5.4113,0,3,0.9155,movie
777,8,78,5.9166,3.0645,1,3,0.6035,movie
778,8,79,5.917,6.3569,1,3,0.5957,short_video
779,8,80,6.0098,6.8241,1,4,0.4584,short_video
780,8,81,5.4852,5.454,1,4,0.6936,game
781,8,82,4.9749,6.6518,1,4,0.6514,music
782,8,83,6.3302,4.9762,0,3,0.7776,movie
783,8,84,4.2574,4.7704,0,4,0.3725,game
784,8,85,4.1487,3.1792,0,3,0.3928,music
785,8,86,5.2957,4.7732,1,3,0.3825,game
786,8,87,4.5919,4.3472,0,3,0.688,short_video
787,8,88,4.5847,4.922,1,4,0.8173,article
788,8,89,5.4126,3.2324,0,3,0.3873,game
789,8,90,6.3616,2.7461,1,4,0.3954,movie
790,8,91,3.8337,4.4592,0,3,0.5779,music
791,8,92,5.9009,5.3404,1,4,0.4389,article
792,8,93,5.1481,4.5462,1,4,0.7215,game
793,8,94,4.5731,6.061,1,3,0.0952,short_video
794,8,95,5.657,3.4599,1,4,0.3043,game
795,8,96,4.9848,6.7509,0,3,0.3138,movie
796,8,97,5.6432,5.8318,0,2,0.0895,article
797,8,98,4.5292,6.3516,0,3,0.2762,short_video
798,8,99,5.9786,4.9939,1,3,0.2859,article
799,8,100,4.5385,3.3847,0,2,0.4499,article
800,9,1,6.8283,4.3419,1,4,0.6261,short_video
801,9,2,5.0862,5.6885,1,3,0.3595,music
802,9,3,5.282,5.5966,1,3,0.7815,movie
803,9,4,5.3406,5.5948,1,4,0.3481,movie
804,9,5,5.6322,5.0895,1,3,0.346,article
805,9,6,6.592,5.7867,1,4,0.6321,movie
806,9,7,4.77,4.8858,0,3,0.682,short_video
807,9,8,5.4794,4.7605,1,3,0.6102,music
808,9,9,3.872,3.9928,0,4,0.1564,short_video
809,9,10,6.0766,5.8886,0,3,0.6314,movie
810,9,11,5.3688,3.7131,0,3,0.2622,article
811,9,12,6.908,4.5585,1,4,0.5585,short_video
812,9,13,5.246,4.4223,0,3,0.1941,game
813,9,14,5.2698,5.9154,0,4,0.6098,music
814,9,15,4.4438,3.9378,0,3,0.3086,article
815,9,16,5.1576,4.9733,1,3,0.2171,music
816,9,17,5.2931,5.6815,1,4,0.6712,game
817,9,18,4.6847,2.5425,1,4,0.5601,music
818,9,19,4.8889,2.9915,0,3,0.3512,music
819,9,20,6.7062,4.5167,1,4,0.8102,game
820,9,21,5.9357,3.1279,1,4,0.3916,movie
821,9,22,5.7597,4.4692,0,3,0.508,movie
822,9,23,5.8097,5.3246,0,3,0.5668,music
823,9,24,6.0544,5.9826,0,3,0.3499,movie
824,9,25,4.1538,6.5679,0,2,0.6157,game
825,9,26,5.3695,6.1218,1,3,0.3697,article
826,9,27,5.105,6.0874,0,4,0.3985,movie
827,9,28,4.8791,3.315,1,3,0.7962,movie
828,9,29,4.8006,4.9521,0,3,0.261,movie
829,9,30,5.915,7.5331,0,3,0.0822,game
830,9,31,6.2048,6.1882,1,4,0.8335,music
831,9,32,4.8245,5.2016,1,3,0.9275,game
832,9,33,4.3152,4.4283,0,3,0.4,movie
833,9,34,4.6111,5.7534,1,4,0.126,music
834,9,35,5.4451,4.7963,1,3,0.423,game
835,9,36,5.0636,2.9119,0,2,0.4289,game
836,9,37,4.9703,4.3551,1,3,0.4527,game
837,9,38,4.6048,6.7987,0,2,0.2472,short_video
838,9,39,5.6291,5.7587,0,3,0.641,game
839,9,40,5.7589,5.0476,1,4,0.6282,article
840,9,41,4.6489,4.7369,0,2,0.1833,game
841,9,42,5.4735,6.1368,1,4,0.668,music
842,9,43,6.0642,4.646,1,3,0.8862,music
843,9,44,5.691,5.7325,0,4,0.5429,music
844,9,45,4.277,4.7865,0,3,0.4165,game
845,9,46,4.3568,5.9534,0,3,0.4646,music
846,9,47,4.3547,3.9573,1,3,0.6491,article
847,9,48,3.7233,5.9865,0,2,0.1505,game
848,9,49,5.1754,4.4761,1,4,0.541,article
849,9,50,5.927,5.9034,0,2,0.4036,short_video
850,9,51,5.498,3.6269,1,3,0.8639,music
851,9,52,5.234,3.915,0,3,0.4566,music
852,9,53,5.4063,5.756,1,4,0.8413,short_video
853,9,54,5.4936,3.7047,1,4,0.249,music
854,9,55,4.8952,6.6483,1,3,0.6427,music
855,9,56,4.7808,5.874,1,4,0.5792,article
856,9,57,4.8844,2.7181,1,4,0.2955,game
857,9,58,5.7219,4.1249,0,2,0.5442,movie
858,9,59,4.6574,4.1614,1,3,0.7707,game
859,9,60,4.7766,5.2771,0,3,0.4198,game
860,9,61,5.8535,5.2838,1,3,0.1555,article
861,9,62,5.5657,3.9375,0,3,0.4956,short_video
862,9,63,5.2413,5.2193,1,4,0.2886,movie
863,9,64,5.4542,5.4643,1,5,0.4152,movie
864,9,65,3.9566,5.4976,0,3,0.4796,short_video
865,9,66,3.1024,6.7683,0,2,0.1537,movie
866,9,67,5.0547,4.3848,0,3,0.1658,music
867,9,68,5.3684,5.8411,1,4,0.6182,movie
868,9,69,6.1399,5.7526,1,4,0.3722,movie
869,9,70,4.3036,6.2313,1,4,0.0714,article
870,9,71,5.2522,4.8102,1,3,0.6867,movie
871,9,72,6.1213,7.098,1,4,0.5677,movie
872,9,73,4.4999,5.8443,0,3,0.3287,article
873,9,74,4.4545,4.0108,0,3,0.2113,movie
874,9,75,6.032,3.8088,1,3,0.6976,article
875,9,76,5.3622,5.5133,1,3,0.5865,movie
876,9,77,4.4978,3.6312,1,3,0.9155,movie
877,9,78,5.4636,3.4913,1,5,0.6035,movie
878,9,79,5.4194,6.1797,1,3,0.5957,short_video
879,9,80,5.1272,6.117,1,4,0.4584,short_video
880,9,81,5.9611,5.3268,1,4,0.6936,game
881,9,82,5.4612,6.3108,1,4,0.6514,music
882,9,83,4.3604,4.3633,0,3,0.7776,movie
883,9,84,4.9061,4.5793,1,3,0.3725,game
884,9,85,3.4772,5.5644,0,3,0.3928,music
885,9,86,4.8858,4.2897,1,2,0.3825,game
886,9,87,4.341,3.8754,0,2,0.688,short_video
887,9,88,5.0371,3.3551,1,4,0.8173,article
888,9,89,5.3176,3.2873,0,3,0.3873,game
889,9,90,6.2174,4.2904,1,3,0.3954,movie
890,9,91,6.169,5.5724,1,4,0.5779,music
891,9,92,5.2891,4.7681,1,4,0.4389,article
892,9,93,5.8843,4.0226,1,4,0.7215,game
893,9,94,6.2324,3.3894,1,4,0.0952,short_video
894,9,95,5.0847,5.2919,1,3,0.3043,game
895,9,96,5.038,4.9827,0,3,0.3138,movie
896,9,97,4.6119,3.7242,0,3,0.0895,article
897,9,98,6.349,3.6174,1,3,0.2762,short_video
898,9,99,3.8606,3.9191,0,2,0.2859,article
899,9,100,4.288,3.9165,0,2,0.4499,article
900,10,1,6.6011,7.1869,1,4,0.6261,short_video
901,10,2,4.9053,4.274,0,3,0.3595,music
902,10,3,5.4421,6.0067,1,3,0.7815,movie
903,10,4,5.275,5.1034,1,3,0.3481,movie
904,10,5,4.4184,3.6553,0,2,0.346,article
905,10,6,5.9206,3.7704,1,4,0.6321,movie
906,10,7,5.7192,4.3392,1,4,0.682,short_video
907,10,8,5.0552,4.3212,1,3,0.6102,music
908,10,9,3.9834,5.1551,0,3,0.1564,short_video
909,10,10,5.0362,3.6511,1,3,0.6314,movie
910,10,11,4.5971,4.7105,0,3,0.2622,article
911,10,12,2.8994,4.5671,0,3,0.5585,short_video
912,10,13,6.1999,6.8975,1,3,0.1941,game
913,10,14,5.9225,4.6306,1,4,0.6098,music
914,10,15,4.724,4.6748,0,3,0.3086,article
915,10,16,5.4517,4.0885,1,4,0.2171,music
916,10,17,6.5288,4.531,1,5,0.6712,game
917,10,18,4.8951,4.998,0,4,0.5601,music
918,10,19,5.8235,5.9381,1,3,0.3512,music
919,10,20,5.6371,6.2757,1,4,0.8102,game
920,10,21,6.0714,4.237,1,4,0.3916,movie
921,10,22,5.4721,4.063,0,3,0.508,movie
922,10,23,5.2859,6.7927,0,3,0.5668,music
923,10,24,5.2102,3.7913,1,3,0.3499,movie
924,10,25,4.3114,4.2298,0,3,0.6157,game
925,10,26,6.2703,5.4908,1,3,0.3697,article
926,10,27,6.1825,6.1243,1,4,0.3985,movie
927,10,28,4.7172,5.7346,0,3,0.7962,movie
928,10,29,4.3451,5.8629,0,2,0.261,movie
929,10,30,5.0067,4.4939,0,3,0.0822,game
930,10,31,4.8528,4.3834,0,3,0.8335,music
931,10,32,5.6391,4.2844,0,3,0.9275,game
932,10,33,4.9943,6.287,0,3,0.4,movie
933,10,34,4.5081,3.1684,0,3,0.126,music
934,10,35,5.7855,3.7627,1,4,0.423,game
935,10,36,4.8485,6.3694,1,4,0.4289,game
936,10,37,5.3141,5.3924,0,3,0.4527,game
937,10,38,4.1163,6.5392,0,3,0.2472,short_video
938,10,39,4.4801,4.706,0,3,0.641,game
939,10,40,5.5802,4.5646,1,4,0.6282,article
940,10,41,6.4001,5.1728,1,4,0.1833,game
941,10,42,6.3568,4.6003,1,4,0.668,music
942,10,43,6.1129,4.5492,1,4,0.8862,music
943,10,44,4.6153,5.4061,1,4,0.5429,music
944,10,45,4.9087,1.4831,0,3,0.4165,game
945,10,46,5.1598,5.6984,0,3,0.4646,music
946,10,47,5.5233,4.4846,0,3,0.6491,article
947,10,48,4.0242,4.5052,1,3,0.1505,game
948,10,49,5.8305,3.5749,1,4,0.541,article
949,10,50,5.1338,6.1743,0,3,0.4036,short_video
950,10,51,6.1846,5.1867,1,4,0.8639,music
951,10,52,5.616,4.6925,0,2,0.4566,music
952,10,53,5.0031,5.738,1,4,0.8413,short_video
953,10,54,4.6579,4.091,1,3,0.249,music
954,10,55,6.534,6.0967,1,5,0.6427,music
955,10,56,5.2071,4.5209,1,3,0.5792,article
956,10,57,5.9641,4.6271,1,3,0.2955,game
957,10,58,4.35,4.4564,0,3,0.5442,movie
958,10,59,4.654,4.8423,0,2,0.7707,game
959,10,60,4.3805,2.6787,1,4,0.4198,game
960,10,61,5.8611,5.8252,1,3,0.1555,article
961,10,62,5.2877,4.4526,0,3,0.4956,short_video
962,10,63,5.6749,4.2837,1,3,0.2886,movie
963,10,64,5.6646,6.4321,1,4,0.4152,movie
964,10,65,5.1124,5.8746,0,2,0.4796,short_video
965,10,66,5.5006,5.261,0,3,0.1537,movie
966,10,67,5.3458,4.2385,1,3,0.1658,music
967,10,68,5.4874,5.3109,0,2,0.6182,movie
968,10,69,4.5862,6.0282,1,3,0.3722,movie
969,10,70,5.5481,6.5633,1,3,0.0714,article
970,10,71,5.4601,3.7969,1,4,0.6867,movie
971,10,72,5.7967,6.1082,1,4,0.5677,movie
972,10,73,4.8756,6.313,0,2,0.3287,article
973,10,74,4.4775,6.1438,1,3,0.2113,movie
974,10,75,6.1533,4.9056,1,3,0.6976,article
975,10,76,6.708,5.295,1,4,0.5865,movie
976,10,77,6.3519,5.5895,1,5,0.9155,movie
977,10,78,5.7968,4.7102,0,3,0.6035,movie
978,10,79,4.6508,6.4649,1,4,0.5957,short_video
979,10,80,6.2566,3.206,1,3,0.4584,short_video
980,10,81,4.5806,2.5001,1,4,0.6936,game
981,10,82,4.4242,4.3216,1,3,0.6514,music
982,10,83,4.8605,5.1539,0,3,0.7776,movie
983,10,84,5.0621,5.7246,1,3,0.3725,game
984,10,85,5.9365,4.6601,0,3,0.3928,music
985,10,86,5.1171,6.1825,1,4,0.3825,game
986,10,87,5.1362,4.1233,1,4,0.688,short_video
987,10,88,5.5819,4.3284,1,3,0.8173,article
988,10,89,5.705,3.3176,1,4,0.3873,game
989,10,90,5.1164,6.3523,1,3,0.3954,movie
990,10,91,5.3971,5.0976,1,4,0.5779,music
991,10,92,4.7695,5.1743,0,2,0.4389,article
992,10,93,5.157,4.3925,1,3,0.7215,game
993,10,94,4.0575,4.1927,0,3,0.0952,short_video
994,10,95,4.704,5.4799,0,3,0.3043,game
995,10,96,5.4135,5.6712,0,3,0.3138,movie
996,10,97,3.5504,5.2629,0,2,0.0895,article
997,10,98,4.855,2.6278,0,2,0.2762,short_video
998,10,99,5.8515,5.5336,0,2,0.2859,article
999,10,100,3.902,3.2131,1,4,0.4499,article
1000,11,1,5.6076,4.6312,1,3,0.6261,short_video
1001,11,2,4.829,4.2408,0,3,0.3595,music
1002,11,3,5.0085,3.3312,1,4,0.7815,movie
1003,11,4,5.4376,2.8615,0,2,0.3481,movie
1004,11,5,5.0379,5.5055,1,3,0.346,article
1005,11,6,5.4823,5.3223,1,4,0.6321,movie
1006,11,7,5.2646,5.3302,0,4,0.682,short_video
1007,11,8,5.0358,4.4313,0,3,0.6102,music
1008,11,9,5.4069,3.2739,1,4,0.1564,short_video
1009,11,10,4.4395,5.5946,1,3,0.6314,movie
1010,11,11,4.73,4.3146,0,2,0.2622,article
1011,11,12,5.2608,4.4426,1,4,0.5585,short_video
1012,11,13,5.0126,6.0444,0,3,0.1941,game
1013,11,14,4.9439,5.0147,1,2,0.6098,music
1014,11,15,5.3651,5.0918,1,4,0.3086,article
1015,11,16,5.1927,4.4113,1,4,0.2171,music
1016,11,17,5.487,6.0346,1,3,0.6712,game
1017,11,18,4.9474,5.2834,1,4,0.5601,music
1018,11,19,5.2375,2.332,1,3,0.3512,music
1019,11,20,4.7076,3.8606,1,4,0.8102,game
1020,11,21,4.8853,3.3094,1,4,0.3916,movie
1021,11,22,5.4332,5.2584,1,4,0.508,movie
1022,11,23,6.0888,5.1198,1,3,0.5668,music
1023,11,24,4.054,6.0369,0,3,0.3499,movie
1024,11,25,5.2022,4.0132,1,4,0.6157,game
1025,11,26,3.7174,4.9115,0,3,0.3697,article
1026,11,27,6.1903,6.5277,1,3,0.3985,movie
1027,11,28,4.8214,3.4293,0,3,0.7962,movie
1028,11,29,5.3117,2.8968,0,3,0.261,movie
1029,11,30,4.5883,4.9607,0,3,0.0822,game
1030,11,31,4.725,4.9836,0,3,0.8335,music
1031,11,32,5.3646,4.962,1,4,0.9275,game
1032,11,33,6.0754,4.1771,1,4,0.4,movie
1033,11,34,5.3944,5.1032,0,3,0.126,music
1034,11,35,5.8869,4.6739,1,3,0.423,game
1035,11,36,4.943,5.1331,1,3,0.4289,game
1036,11,37,4.257,6.1291,0,3,0.4527,game
1037,11,38,6.5823,4.664,0,3,0.2472,short_video
1038,11,39,5.1379,5.2532,0,3,0.641,game
1039,11,40,5.8944,5.9208,1,4,0.6282,article
1040,11,41,3.7915,4.9195,0,4,0.1833,game
1041,11,42,5.4345,5.9157,0,3,0.668,music
1042,11,43,5.9464,4.3162,1,4,0.8862,music
1043,11,44,6.019,6.4336,1,4,0.5429,music
1044,11,45,3.7912,5.72,0,3,0.4165,game
1045,11,46,5.9466,6.525,1,3,0.4646,music
1046,11,47,6.6909,4.8783,1,4,0.6491,article
1047,11,48,3.9329,5.3893,0,3,0.1505,game
1048,11,49,5.4231,6.6886,1,3,0.541,article
1049,11,50,4.85,5.4989,0,3,0.4036,short_video
1050,11,51,5.9018,4.8903,1,4,0.8639,music
1051,11,52,4.4457,6.1298,0,3,0.4566,music
1052,11,53,5.6001,4.4937,1,4,0.8413,short_video
1053,11,54,4.9377,3.8616,0,3,0.249,music
1054,11,55,4.7024,3.3879,0,4,0.6427,music
1055,11,56,4.8184,4.4583,1,3,0.5792,article
1056,11,57,6.3339,5.1996,1,4,0.2955,game
1057,11,58,5.3961,5.8436,1,4,0.5442,movie
1058,11,59,4.9026,4.3971,1,3,0.7707,game
1059,11,60,5.5279,4.4068,1,4,0.4198,game
1060,11,61,4.2263,5.5685,0,3,0.1555,article
1061,11,62,5.278,5.5576,0,4,0.4956,short_video
1062,11,63,5.0616,4.4867,0,3,0.2886,movie
1063,11,64,4.0427,6.1285,0,2,0.4152,movie
1064,11,65,5.8005,4.8716,1,4,0.4796,short_video
1065,11,66,5.6425,4.928,0,3,0.1537,movie
1066,11,67,5.2227,4.8226,1,3,0.1658,music
1067,11,68,5.1069,4.4459,1,4,0.6182,movie
1068,11,69,4.3622,5.6916,0,3,0.3722,movie
1069,11,70,4.2444,5.6228,1,3,0.0714,article
1070,11,71,5.3488,5.3818,0,3,0.6867,movie
1071,11,72,5.4731,5.4349,1,4,0.5677,movie
1072,11,73,5.9183,4.8148,1,3,0.3287,article
1073,11,74,4.1129,3.8786,0,2,0.2113,movie
1074,11,75,5.4319,5.1842,1,4,0.6976,article
1075,11,76,6.3311,3.8277,1,4,0.5865,movie
1076,11,77,5.1286,4.3137,1,3,0.9155,movie
1077,11,78,4.7012,6.0249,0,2,0.6035,movie
1078,11,79,5.8116,5.6212,1,3,0.5957,short_video
1079,11,80,5.8051,5.5092,1,3,0.4584,short_video
1080,11,81,6.1418,3.5072,1,4,0.6936,game
1081,11,82,6.0592,3.7358,1,3,0.6514,music
1082,11,83,4.0364,5.7497,0,3,0.7776,movie
1083,11,84,5.2469,5.8915,1,3,0.3725,game
1084,11,85,5.5676,3.5323,0,3,0.3928,music
1085,11,86,5.9077,5.4172,1,3,0.3825,game
1086,11,87,5.5137,5.9178,1,3,0.688,short_video
1087,11,88,5.8669,4.1562,1,4,0.8173,article
1088,11,89,5.0593,3.6246,0,3,0.3873,game
1089,11,90,6.4443,3.6364,0,3,0.3954,movie
1090,11,91,5.3425,6.5859,1,3,0.5779,music
1091,11,92,5.5649,4.5119,0,3,0.4389,article
1092,11,93,6.8815,4.3331,1,3,0.7215,game
1093,11,94,5.1704,5.169,1,4,0.0952,short_video
1094,11,95,4.5078,5.0595,0,3,0.3043,game
1095,11,96,5.9463,5.1711,1,4,0.3138,movie
1096,11,97,4.6503,5.0494,0,2,0.0895,article
1097,11,98,5.2076,5.1091,0,3,0.2762,short_video
1098,11,99,4.6817,5.1934,0,2,0.2859,article
1099,11,100,6.4785,5.9537,1,3,0.4499,article
1100,12,1,4.4396,4.6958,0,3,0.6261,short_video
1101,12,2,5.0473,6.1987,0,3,0.3595,music
1102,12,3,6.1718,4.0662,1,4,0.7815,movie
1103,12,4,5.29,5.8707,0,3,0.3481,movie
1104,12,5,5.6288,6.2193,0,2,0.346,article
1105,12,6,5.0765,4.5579,0,2,0.6321,movie
1106,12,7,5.6293,4.0017,1,4,0.682,short_video
1107,12,8,5.311,5.4119,1,4,0.6102,music
1108,12,9,3.4659,5.0074,0,2,0.1564,short_video
1109,12,10,5.037,5.4207,0,3,0.6314,movie
1110,12,11,4.75,4.5182,0,2,0.2622,article
1111,12,12,6.5788,6.524,1,4,0.5585,short_video
1112,12,13,6.9306,3.0739,1,5,0.1941,game
1113,12,14,5.818,5.6672,1,3,0.6098,music
1114,12,15,5.524,4.2582,1,4,0.3086,article
1115,12,16,4.1626,5.6815,0,2,0.2171,music
1116,12,17,5.4942,5.107,1,3,0.6712,game
1117,12,18,5.4564,5.3061,1,4,0.5601,music
1118,12,19,5.7699,5.0963,0,3,0.3512,music
1119,12,20,5.4709,5.8986,1,3,0.8102,game
1120,12,21,5.9369,5.19,0,3,0.3916,movie
1121,12,22,5.4592,6.2566,1,3,0.508,movie
1122,12,23,4.8374,4.8961,0,4,0.5668,music
1123,12,24,6.773,4.8364,1,4,0.3499,movie
1124,12,25,5.424,5.7035,1,3,0.6157,game
1125,12,26,6.3286,6.0612,1,4,0.3697,article
1126,12,27,5.4564,4.6646,1,4,0.3985,movie
1127,12,28,6.1204,5.2299,1,4,0.7962,movie
1128,12,29,6.1062,4.1706,1,4,0.261,movie
1129,12,30,4.6762,3.7343,0,3,0.0822,game
1130,12,31,4.1858,6.7026,1,4,0.8335,music
1131,12,32,3.8582,5.4446,0,3,0.9275,game
1132,12,33,4.4612,3.781,0,3,0.4,movie
1133,12,34,4.0802,4.5633,0,4,0.126,music
1134,12,35,6.2673,4.2617,1,3,0.423,game
1135,12,36,5.4889,4.6427,0,3,0.4289,game
1136,12,37,5.5757,4.6498,1,3,0.4527,game
1137,12,38,5.4965,6.5366,0,4,0.2472,short_video
1138,12,39,5.5638,4.6022,1,4,0.641,game
1139,12,40,5.4777,4.7659,0,3,0.6282,article
1140,12,41,5.6983,5.7749,1,3,0.1833,game
1141,12,42,4.7509,3.7256,1,3,0.668,music
1142,12,43,5.4424,4.3335,1,4,0.8862,music
1143,12,44,5.2888,6.1204,0,2,0.5429,music
1144,12,45,6.1433,5.7665,1,4,0.4165,game
1145,12,46,6.0875,6.2258,1,3,0.4646,music
1146,12,47,5.5613,4.0197,1,4,0.6491,article
1147,12,48,5.2935,6.1568,1,4,0.1505,game
1148,12,49,6.3093,5.1943,1,4,0.541,article
1149,12,50,6.3808,6.9959,1,3,0.4036,short_video
1150,12,51,5.8865,4.6701,0,3,0.8639,music
1151,12,52,4.8017,5.4585,1,3,0.4566,music
1152,12,53,6.0889,6.7007,1,4,0.8413,short_video
1153,12,54,3.5928,6.1482,0,3,0.249,music
1154,12,55,6.5086,4.7052,1,3,0.6427,music
1155,12,56,4.2627,3.1525,0,2,0.5792,article
1156,12,57,4.1251,3.9979,0,2,0.2955,game
1157,12,58,5.4567,6.1726,1,4,0.5442,movie
1158,12,59,5.3583,3.7464,0,4,0.7707,game
1159,12,60,5.5689,6.2013,1,3,0.4198,game
1160,12,61,5.3756,2.4408,1,3,0.1555,article
1161,12,62,4.3645,5.5512,1,4,0.4956,short_video
1162,12,63,5.1722,5.3108,1,4,0.2886,movie
1163,12,64,4.7345,5.1967,1,4,0.4152,movie
1164,12,65,6.2572,6.6783,1,3,0.4796,short_video
1165,12,66,4.7104,5.3716,1,4,0.1537,movie
1166,12,67,6.4007,5.7353,1,4,0.1658,music
1167,12,68,5.8747,4.1257,1,4,0.6182,movie
1168,12,69,5.4684,4.0995,1,4,0.3722,movie
1169,12,70,4.2098,6.1932,0,2,0.0714,article
1170,12,71,6.739,6.035,1,4,0.6867,movie
1171,12,72,4.9924,7.2837,0,3,0.5677,movie
1172,12,73,4.5747,5.6222,1,4,0.3287,article
1173,12,74,4.5097,3.6613,0,3,0.2113,movie
1174,12,75,5.0941,4.836,1,3,0.6976,article
1175,12,76,4.6663,4.3625,0,3,0.5865,movie
1176,12,77,4.6714,4.888,0,4,0.9155,movie
1177,12,78,6.2384,4.0628,1,5,0.6035,movie
1178,12,79,5.0562,5.0468,0,3,0.5957,short_video
1179,12,80,5.8006,3.8947,0,2,0.4584,short_video
1180,12,81,3.157,5.8872,0,2,0.6936,game
1181,12,82,5.5668,5.7435,1,4,0.6514,music
1182,12,83,7.4324,4.0474,1,4,0.7776,movie
1183,12,84,4.5994,5.6784,1,3,0.3725,game
1184,12,85,5.0493,5.8021,1,4,0.3928,music
1185,12,86,4.4554,3.5761,0,3,0.3825,game
1186,12,87,4.2761,4.8638,1,4,0.688,short_video
1187,12,88,6.3803,5.7168,1,5,0.8173,article
1188,12,89,5.3613,5.7476,1,4,0.3873,game
1189,12,90,5.2664,3.4598,1,3,0.3954,movie
1190,12,91,4.266,5.9568,0,3,0.5779,music
1191,12,92,4.8423,3.4592,1,3,0.4389,article
1192,12,93,4.7463,3.7768,1,4,0.7215,game
1193,12,94,4.6884,5.7764,0,3,0.0952,short_video
1194,12,95,4.3444,4.2698,0,3,0.3043,game
1195,12,96,5.6194,4.4321,1,4,0.3138,movie
1196,12,97,4.8406,4.5317,0,4,0.0895,article
1197,12,98,5.0119,3.8333,0,3,0.2762,short_video
1198,12,99,6.313,6.5838,1,3,0.2859,article
1199,12,100,5.4243,4.8932,1,2,0.4499,article
1200,13,1,4.5551,3.8916,0,3,0.6261,short_video
1201,13,2,6.0519,3.8629,0,4,0.3595,music
1202,13,3,5.4878,4.572,0,4,0.7815,movie
1203,13,4,5.7963,4.1183,1,4,0.3481,movie
1204,13,5,5.9903,5.0388,1,4,0.346,article
1205,13,6,6.5071,5.205,1,3,0.6321,movie
1206,13,7,5.7013,4.4022,1,4,0.682,short_video
1207,13,8,6.5373,4.6576,1,4,0.6102,music
1208,13,9,4.631,5.1847,0,3,0.1564,short_video
1209,13,10,5.9894,4.012,1,4,0.6314,movie
1210,13,11,4.241,5.4833,0,3,0.2622,article
1211,13,12,4.599,6.9014,0,2,0.5585,short_video
1212,13,13,5.2899,4.6871,0,3,0.1941,game
1213,13,14,5.5146,4.569,1,4,0.6098,music
1214,13,15,5.6724,4.4611,0,3,0.3086,article
1215,13,16,4.4233,5.9273,1,4,0.2171,music
1216,13,17,4.689,6.7307,1,4,0.6712,game
1217,13,18,5.0005,4.9313,0,2,0.5601,music
1218,13,19,4.9577,5.2034,0,3,0.3512,music
1219,13,20,5.2448,2.3628,1,4,0.8102,game
1220,13,21,4.826,4.2579,0,2,0.3916,movie
1221,13,22,6.2607,5.0075,0,2,0.508,movie
1222,13,23,4.6029,3.2769,0,3,0.5668,music
1223,13,24,3.4715,6.0724,0,3,0.3499,movie
1224,13,25,6.4586,5.9711,1,3,0.6157,game
1225,13,26,4.704,5.1965,1,4,0.3697,article
1226,13,27,5.029,5.0674,1,3,0.3985,movie
1227,13,28,5.6544,4.78,1,3,0.7962,movie
1228,13,29,5.1545,5.3174,1,3,0.261,movie
1229,13,30,6.6576,5.5345,1,3,0.0822,game
1230,13,31,7.1933,6.0791,1,4,0.8335,music
1231,13,32,5.1522,5.1415,0,3,0.9275,game
1232,13,33,5.8488,4.4501,1,5,0.4,movie
1233,13,34,4.5424,5.9452,0,2,0.126,music
1234,13,35,5.9506,6.295,1,4,0.423,game
1235,13,36,7.0402,4.9141,1,3,0.4289,game
1236,13,37,5.9562,6.1772,1,4,0.4527,game
1237,13,38,4.9523,6.4405,0,3,0.2472,short_video
1238,13,39,4.3163,3.4288,0,2,0.641,game
1239,13,40,3.9969,5.4165,0,3,0.6282,article
1240,13,41,3.4732,4.2083,0,3,0.1833,game
1241,13,42,5.5622,6.7594,1,4,0.668,music
1242,13,43,5.3117,5.6076,1,4,0.8862,music
1243,13,44,6.658,6.1642,1,4,0.5429,music
1244,13,45,5.2313,6.4482,0,3,0.4165,game
1245,13,46,5.8232,4.5484,1,3,0.4646,music
1246,13,47,5.8887,6.3736,1,3,0.6491,article
1247,13,48,4.7655,3.283,1,3,0.1505,game
1248,13,49,4.7049,5.4243,1,5,0.541,article
1249,13,50,5.4997,4.7567,1,3,0.4036,short_video
1250,13,51,6.2573,5.2566,1,4,0.8639,music
1251,13,52,4.3904,5.4634,0,3,0.4566,music
1252,13,53,5.0686,5.9005,1,3,0.8413,short_video
1253,13,54,3.6691,5.3423,0,2,0.249,music
1254,13,55,5.4208,3.1621,1,4,0.6427,music
1255,13,56,4.4465,4.7854,0,3,0.5792,article
1256,13,57,5.0025,4.7113,1,3,0.2955,game
1257,13,58,6.5737,4.7994,1,3,0.5442,movie
1258,13,59,6.9194,5.3597,1,4,0.7707,game
1259,13,60,6.1406,6.088,1,3,0.4198,game
1260,13,61,3.9568,4.8908,0,2,0.1555,article
1261,13,62,5.1008,5.0653,0,3,0.4956,short_video
1262,13,63,5.2811,6.0263,0,3,0.2886,movie
1263,13,64,6.8719,4.6355,1,4,0.4152,movie
1264,13,65,6.0083,4.9371,0,3,0.4796,short_video
1265,13,66,4.3747,5.6869,0,3,0.1537,movie
1266,13,67,5.8852,5.0769,1,3,0.1658,music
1267,13,68,4.8142,3.6373,1,3,0.6182,movie
1268,13,69,4.5225,4.0161,1,3,0.3722,movie
1269,13,70,4.8685,3.4558,0,3,0.0714,article
1270,13,71,5.7898,4.7591,1,4,0.6867,movie
1271,13,72,5.5113,3.3861,0,3,0.5677,movie
1272,13,73,4.3183,2.7718,0,2,0.3287,article
1273,13,74,7.639,6.1544,1,4,0.2113,movie
1274,13,75,5.0945,5.3455,1,3,0.6976,article
1275,13,76,6.4339,4.1573,1,3,0.5865,movie
1276,13,77,6.0976,5.193,1,3,0.9155,movie
1277,13,78,6.1124,4.8931,1,4,0.6035,movie
1278,13,79,4.9457,5.6358,1,4,0.5957,short_video
1279,13,80,4.5208,4.3173,0,3,0.4584,short_video
1280,13,81,5.1382,6.6262,0,2,0.6936,game
1281,13,82,6.3352,6.1523,1,4,0.6514,music
1282,13,83,6.9378,4.7387,1,4,0.7776,movie
1283,13,84,5.848,5.0964,0,3,0.3725,game
1284,13,85,5.9211,5.7057,1,4,0.3928,music
1285,13,86,5.5491,6.0648,1,4,0.3825,game
1286,13,87,5.3778,5.9632,0,4,0.688,short_video
1287,13,88,5.0376,4.357,0,3,0.8173,article
1288,13,89,6.4248,6.8594,1,4,0.3873,game
1289,13,90,5.5113,5.9015,1,4,0.3954,movie
1290,13,91,5.9491,5.0264,0,3,0.5779,music
1291,13,92,3.9139,5.5413,0,3,0.4389,article
1292,13,93,5.3695,6.1395,1,4,0.7215,game
1293,13,94,4.3945,3.4563,1,3,0.0952,short_video
1294,13,95,5.3225,7.5429,1,4,0.3043,game
1295,13,96,5.8307,5.1559,1,3,0.3138,movie
1296,13,97,6.0872,4.9097,1,4,0.0895,article
1297,13,98,5.3704,4.7014,0,2,0.2762,short_video
1298,13,99,5.1528,4.1203,1,4,0.2859,article
1299,13,100,5.0557,5.2002,0,3,0.4499,article
1300,14,1,4.4018,3.4764,0,3,0.6261,short_video
1301,14,2,6.5126,4.3204,1,3,0.3595,music
1302,14,3,6.2773,5.5264,1,3,0.7815,movie
1303,14,4,4.4938,4.2759,1,2,0.3481,movie
1304,14,5,5.1103,4.6608,0,3,0.346,article
1305,14,6,5.1305,5.2406,1,3,0.6321,movie
1306,14,7,5.6255,3.4507,1,3,0.682,short_video
1307,14,8,4.8478,5.6303,1,4,0.6102,music
1308,14,9,5.8381,2.4705,1,4,0.1564,short_video
1309,14,10,5.792,4.624,1,3,0.6314,movie
1310,14,11,6.2375,3.8752,0,3,0.2622,article
1311,14,12,5.2586,4.119,1,4,0.5585,short_video
1312,14,13,3.4772,4.0727,0,2,0.1941,game
1313,14,14,3.8632,2.986,0,2,0.6098,music
1314,14,15,3.6651,4.7517,0,3,0.3086,article
1315,14,16,5.8571,5.3093,0,4,0.2171,music
1316,14,17,5.3307,3.4365,1,4,0.6712,game
1317,14,18,5.0045,3.613,1,3,0.5601,music
1318,14,19,4.7621,6.1265,1,4,0.3512,music
1319,14,20,4.5729,5.6483,0,4,0.8102,game
1320,14,21,5.0762,4.7291,1,4,0.3916,movie
1321,14,22,5.4247,3.9318,0,2,0.508,movie
1322,14,23,5.3551,6.059,0,3,0.5668,music
1323,14,24,5.4183,4.844,1,3,0.3499,movie
1324,14,25,5.4867,6.0437,1,4,0.6157,game
1325,14,26,4.7406,5.7925,0,3,0.3697,article
1326,14,27,5.0481,3.752,1,3,0.3985,movie
1327,14,28,5.2649,6.6425,1,4,0.7962,movie
1328,14,29,5.0334,6.4344,0,3,0.261,movie
1329,14,30,5.2813,5.0833,0,4,0.0822,game
1330,14,31,4.5388,6.1739,0,2,0.8335,music
1331,14,32,5.9099,6.2983,1,3,0.9275,game
1332,14,33,6.6532,6.1976,1,3,0.4,movie
1333,14,34,5.0698,3.9511,1,4,0.126,music
1334,14,35,5.6114,4.8624,1,4,0.423,game
1335,14,36,5.9037,3.5892,1,3,0.4289,game
1336,14,37,5.6868,4.8108,1,4,0.4527,game
1337,14,38,6.4816,5.3179,0,2,0.2472,short_video
1338,14,39,3.189,4.3041,0,3,0.641,game
1339,14,40,5.0723,5.4496,0,3,0.6282,article
1340,14,41,5.7024,5.9789,1,3,0.1833,game
1341,14,42,5.4233,5.2587,1,4,0.668,music
1342,14,43,6.1782,6.0075,1,4,0.8862,music
1343,14,44,6.5323,5.6748,1,4,0.5429,music
1344,14,45,6.1873,4.1389,1,4,0.4165,game
1345,14,46,3.862,3.8844,0,3,0.4646,music
1346,14,47,5.3226,2.6478,0,3,0.6491,article
1347,14,48,5.146,7.0527,0,2,0.1505,game
1348,14,49,6.67,5.8804,1,4,0.541,article
1349,14,50,4.6342,3.725,0,4,0.4036,short_video
1350,14,51,5.9293,5.5235,1,4,0.8639,music
1351,14,52,4.0164,6.1152,0,4,0.4566,music
1352,14,53,5.9514,3.1343,0,3,0.8413,short_video
1353,14,54,3.9909,3.345,0,3,0.249,music
1354,14,55,4.7521,2.7156,0,4,0.6427,music
1355,14,56,6.2812,6.1432,1,4,0.5792,article
1356,14,57,4.9852,4.1793,0,2,0.2955,game
1357,14,58,5.2154,3.8828,0,3,0.5442,movie
1358,14,59,5.4649,5.8012,1,4,0.7707,game
1359,14,60,5.8143,3.1029,0,3,0.4198,game
1360,14,61,4.7674,4.653,0,3,0.1555,article
1361,14,62,3.0904,6.529,0,3,0.4956,short_video
1362,14,63,5.6094,5.0124,1,3,0.2886,movie
1363,14,64,3.9164,4.1455,0,3,0.4152,movie
1364,14,65,4.9624,4.6183,1,3,0.4796,short_video
1365,14,66,4.4566,4.4496,1,3,0.1537,movie
1366,14,67,2.7233,4.9653,0,2,0.1658,music
1367,14,68,5.3095,5.3165,1,3,0.6182,movie
1368,14,69,5.0377,3.9742,1,4,0.3722,movie
1369,14,70,6.2344,3.805,0,3,0.0714,article
1370,14,71,5.1292,3.9851,1,3,0.6867,movie
1371,14,72,4.8178,4.4961,1,3,0.5677,movie
1372,14,73,6.2902,4.7885,1,4,0.3287,article
1373,14,74,3.4705,2.7204,0,3,0.2113,movie
1374,14,75,4.4514,3.9076,1,3,0.6976,article
1375,14,76,5.1159,4.3161,0,3,0.5865,movie
1376,14,77,5.2738,4.0448,1,4,0.9155,movie
1377,14,78,4.5142,4.8555,0,3,0.6035,movie
1378,14,79,6.4736,5.0191,1,3,0.5957,short_video
1379,14,80,5.177,6.7892,1,4,0.4584,short_video
1380,14,81,5.5911,4.2324,1,4,0.6936,game
1381,14,82,3.5431,5.2775,0,3,0.6514,music
1382,14,83,5.4595,6.7432,0,2,0.7776,movie
1383,14,84,4.8584,4.3739,1,3,0.3725,game
1384,14,85,5.3641,4.3585,0,3,0.3928,music
1385,14,86,6.0684,4.8964,1,3,0.3825,game
1386,14,87,5.4302,4.4884,0,4,0.688,short_video
1387,14,88,4.0923,5.3268,0,3,0.8173,article
1388,14,89,5.3795,6.003,0,3,0.3873,game
1389,14,90,4.635,5.8797,1,4,0.3954,movie
1390,14,91,5.1526,5.5089,1,3,0.5779,music
1391,14,92,4.337,5.811,1,4,0.4389,article
1392,14,93,5.6952,4.8082,1,3,0.7215,game
1393,14,94,5.6519,5.085,1,3,0.0952,short_video
1394,14,95,4.0483,6.251,0,2,0.3043,game
1395,14,96,4.2848,7.151,0,2,0.3138,movie
1396,14,97,3.5484,5.4186,0,3,0.0895,article
1397,14,98,4.895,3.3832,1,3,0.2762,short_video
1398,14,99,4.7738,5.9525,0,2,0.2859,article
1399,14,100,4.3309,3.8507,0,3,0.4499,article
1400,15,1,4.9556,5.5556,1,3,0.6261,short_video
1401,15,2,4.8196,5.0983,1,3,0.3595,music
1402,15,3,4.2381,5.8205,0,3,0.7815,movie
1403,15,4,4.4696,1.6482,1,3,0.3481,movie
1404,15,5,6.0442,3.9948,1,3,0.346,article
1405,15,6,7.094,5.0275,1,3,0.6321,movie
1406,15,7,6.5996,3.9287,1,3,0.682,short_video
1407,15,8,4.4109,4.1216,1,3,0.6102,music
1408,15,9,6.5165,5.157,1,4,0.1564,short_video
1409,15,10,4.8124,5.0554,1,3,0.6314,movie
1410,15,11,5.8639,5.9495,1,3,0.2622,article
1411,15,12,6.1002,4.8145,0,3,0.5585,short_video
1412,15,13,4.4625,5.7877,0,4,0.1941,game
1413,15,14,5.5844,4.689,1,3,0.6098,music
1414,15,15,5.429,3.1867,1,4,0.3086,article
1415,15,16,4.4065,5.6733,0,4,0.2171,music
1416,15,17,4.3456,6.4768,0,3,0.6712,game
1417,15,18,6.1333,4.7786,1,4,0.5601,music
1418,15,19,4.22,5.0201,0,3,0.3512,music
1419,15,20,4.9699,3.8486,1,4,0.8102,game
1420,15,21,4.5616,5.9584,0,2,0.3916,movie
1421,15,22,6.3135,6.1014,1,4,0.508,movie
1422,15,23,4.08,5.595,0,3,0.5668,music
1423,15,24,3.8483,3.1016,0,2,0.3499,movie
1424,15,25,5.2954,4.2539,1,2,0.6157,game
1425,15,26,4.2173,4.6049,0,2,0.3697,article
1426,15,27,6.8265,4.6903,1,4,0.3985,movie
1427,15,28,7.0332,4.7885,1,4,0.7962,movie
1428,15,29,7.5168,6.0854,1,4,0.261,movie
1429,15,30,5.5889,3.6826,1,3,0.0822,game
1430,15,31,4.4469,4.3863,0,3,0.8335,music
1431,15,32,4.6221,5.1629,0,2,0.9275,game
1432,15,33,5.0576,4.731,0,3,0.4,movie
1433,15,34,5.131,4.666,0,3,0.126,music
1434,15,35,5.992,5.0174,1,4,0.423,game
1435,15,36,4.7246,5.3662,1,4,0.4289,game
1436,15,37,5.0659,4.794,1,4,0.4527,game
1437,15,38,5.0793,2.6987,1,4,0.2472,short_video
1438,15,39,4.447,3.3931,0,3,0.641,game
1439,15,40,6.653,5.8139,1,3,0.6282,article
1440,15,41,4.7406,6.441,0,3,0.1833,game
1441,15,42,5.5665,4.9281,1,4,0.668,music
1442,15,43,5.2483,4.7241,0,3,0.8862,music
1443,15,44,6.6916,5.9798,1,4,0.5429,music
1444,15,45,5.152,5.8313,0,2,0.4165,game
1445,15,46,6.6781,6.4599,1,5,0.4646,music
1446,15,47,6.9634,3.1317,1,4,0.6491,article
1447,15,48,5.0332,4.0679,1,3,0.1505,game
1448,15,49,4.7606,5.2193,1,4,0.541,article
1449,15,50,5.8398,6.1325,1,3,0.4036,short_video
1450,15,51,5.3047,4.5013,1,4,0.8639,music
1451,15,52,3.8818,4.5418,0,2,0.4566,music
1452,15,53,6.1928,5.6441,0,2,0.8413,short_video
1453,15,54,6.0957,3.7085,0,3,0.249,music
1454,15,55,5.3788,5.2424,1,3,0.6427,music
1455,15,56,5.2947,4.3639,0,2,0.5792,article
1456,15,57,4.9292,5.0741,0,3,0.2955,game
1457,15,58,6.0349,5.4105,1,4,0.5442,movie
1458,15,59,5.0174,5.9412,1,4,0.7707,game
1459,15,60,4.6488,4.585,0,3,0.4198,game
1460,15,61,5.2987,3.8068,0,4,0.1555,article
1461,15,62,4.8435,3.7894,0,3,0.4956,short_video
1462,15,63,6.9395,4.4916,1,4,0.2886,movie
1463,15,64,4.9252,4.2542,0,3,0.4152,movie
1464,15,65,5.1966,4.8855,0,3,0.4796,short_video
1465,15,66,4.3283,5.7133,0,2,0.1537,movie
1466,15,67,5.3014,4.5895,0,2,0.1658,music
1467,15,68,5.4109,5.1326,1,4,0.6182,movie
1468,15,69,5.953,6.4876,0,4,0.3722,movie
1469,15,70,5.1347,3.9743,0,3,0.0714,article
1470,15,71,4.8828,5.5293,1,3,0.6867,movie
1471,15,72,6.6412,4.9287,1,3,0.5677,movie
1472,15,73,4.71,6.5193,0,2,0.3287,article
1473,15,74,3.93,5.1318,0,3,0.2113,movie
1474,15,75,4.8668,3.7311,1,5,0.6976,article
1475,15,76,5.8672,4.9505,1,3,0.5865,movie
1476,15,77,6.5095,5.091,1,3,0.9155,movie
1477,15,78,6.4956,3.8932,1,4,0.6035,movie
1478,15,79,5.0283,7.0397,1,3,0.5957,short_video
1479,15,80,4.3883,4.2956,0,3,0.4584,short_video
1480,15,81,4.4784,6.1383,0,2,0.6936,game
1481,15,82,5.7603,4.6516,0,3,0.6514,music
1482,15,83,6.6117,3.8996,1,4,0.7776,movie
1483,15,84,5.5571,7.2377,1,3,0.3725,game
1484,15,85,5.356,4.1379,1,3,0.3928,music
1485,15,86,4.0447,5.0971,0,2,0.3825,game
1486,15,87,6.1526,5.7774,1,4,0.688,short_video
1487,15,88,5.2989,6.3368,1,3,0.8173,article
1488,15,89,5.557,4.2665,1,4,0.3873,game
1489,15,90,4.9536,3.4258,1,3,0.3954,movie
1490,15,91,5.023,5.1722,1,2,0.5779,music
1491,15,92,5.1773,5.979,0,2,0.4389,article
1492,15,93,4.5246,4.0967,0,2,0.7215,game
1493,15,94,3.6745,4.7802,0,3,0.0952,short_video
1494,15,95,5.1511,3.5616,0,3,0.3043,game
1495,15,96,5.1152,6.4705,0,3,0.3138,movie
1496,15,97,5.4801,3.1518,1,5,0.0895,article
1497,15,98,5.8631,5.3449,1,4,0.2762,short_video
1498,15,99,5.8647,4.4539,1,3,0.2859,article
1499,15,100,4.2604,7.7685,1,4,0.4499,article
1500,16,1,5.703,6.658,1,5,0.6261,short_video
1501,16,2,5.1884,5.6483,1,3,0.3595,music
1502,16,3,5.6708,4.947,0,3,0.7815,movie
1503,16,4,4.7154,4.0526,0,3,0.3481,movie
1504,16,5,5.6376,5.6204,1,3,0.346,article
1505,16,6,4.1145,4.7651,0,3,0.6321,movie
1506,16,7,6.6026,4.4537,1,4,0.682,short_video
1507,16,8,6.3917,5.0733,1,3,0.6102,music
1508,16,9,4.3325,4.8858,0,3,0.1564,short_video
1509,16,10,4.7429,3.6648,1,3,0.6314,movie
1510,16,11,4.5361,5.1107,0,3,0.2622,article
1511,16,12,5.0378,4.8832,1,4,0.5585,short_video
1512,16,13,4.6692,5.1341,0,4,0.1941,game
1513,16,14,4.9719,4.9996,1,3,0.6098,music
1514,16,15,7.5007,4.6892,1,4,0.3086,article
1515,16,16,4.6084,4.7426,1,3,0.2171,music
1516,16,17,5.2683,6.1535,1,4,0.6712,game
1517,16,18,4.7156,6.2393,0,3,0.5601,music
1518,16,19,4.8473,5.2915,1,3,0.3512,music
1519,16,20,5.0317,7.0408,1,4,0.8102,game
1520,16,21,5.9379,3.6208,1,4,0.3916,movie
1521,16,22,5.6126,2.979,1,4,0.508,movie
1522,16,23,7.0065,4.0498,1,4,0.5668,music
1523,16,24,5.3301,5.3812,0,3,0.3499,movie
1524,16,25,5.8579,5.0882,1,3,0.6157,game
1525,16,26,4.827,4.6792,1,3,0.3697,article
1526,16,27,4.7533,4.5935,0,3,0.3985,movie
1527,16,28,5.4568,2.9698,1,4,0.7962,movie
1528,16,29,4.3629,4.965,0,3,0.261,movie
1529,16,30,5.4905,5.7991,1,4,0.0822,game
1530,16,31,5.3986,4.6885,0,3,0.8335,music
1531,16,32,5.496,6.7862,1,4,0.9275,game
1532,16,33,5.5375,6.6443,1,3,0.4,movie
1533,16,34,4.5863,4.2827,1,4,0.126,music
1534,16,35,4.4049,4.5181,0,2,0.423,game
1535,16,36,4.766,4.2702,1,4,0.4289,game
1536,16,37,6.2434,4.1821,1,4,0.4527,game
1537,16,38,5.9231,3.6297,0,3,0.2472,short_video
1538,16,39,5.0185,5.4169,0,3,0.641,game
1539,16,40,6.0805,5.9742,1,4,0.6282,article
1540,16,41,4.8243,6.1734,1,3,0.1833,game
1541,16,42,6.7184,4.0642,1,4,0.668,music
1542,16,43,5.1158,4.9462,1,3,0.8862,music
1543,16,44,5.1026,4.19,0,3,0.5429,music
1544,16,45,6.1581,4.2483,0,3,0.4165,game
1545,16,46,5.2121,4.1787,0,3,0.4646,music
1546,16,47,5.0941,5.6857,1,3,0.6491,article
1547,16,48,6.4696,1.8454,1,4,0.1505,game
1548,16,49,5.0522,5.1501,1,4,0.541,article
1549,16,50,3.7743,3.6519,0,3,0.4036,short_video
1550,16,51,6.65,4.0018,1,4,0.8639,music
1551,16,52,5.5414,6.4307,1,3,0.4566,music
1552,16,53,4.3338,4.7226,0,4,0.8413,short_video
1553,16,54,4.6181,2.7952,0,3,0.249,music
1554,16,55,6.1293,6.0955,1,4,0.6427,music
1555,16,56,6.0579,5.3658,1,4,0.5792,article
1556,16,57,5.5934,5.8691,0,3,0.2955,game
1557,16,58,5.3518,4.6417,0,4,0.5442,movie
1558,16,59,3.8516,4.6627,1,3,0.7707,game
1559,16,60,5.4478,4.8148,1,4,0.4198,game
1560,16,61,5.5621,5.6469,1,4,0.1555,article
1561,16,62,6.0669,4.6587,1,4,0.4956,short_video
1562,16,63,5.964,3.2938,1,3,0.2886,movie
1563,16,64,6.6411,5.912,1,4,0.4152,movie
1564,16,65,5.8662,3.7278,0,3,0.4796,short_video
1565,16,66,4.9549,4.6693,0,3,0.1537,movie
1566,16,67,3.9327,4.7808,0,3,0.1658,music
1567,16,68,5.6314,5.7106,1,3,0.6182,movie
1568,16,69,5.2326,5.1755,1,3,0.3722,movie
1569,16,70,5.9578,3.9267,1,4,0.0714,article
1570,16,71,5.4339,4.5971,1,3,0.6867,movie
1571,16,72,5.1708,2.919,0,3,0.5677,movie
1572,16,73,5.7694,6.0257,1,3,0.3287,article
1573,16,74,5.6261,4.1592,0,4,0.2113,movie
1574,16,75,4.783,6.072,1,4,0.6976,article
1575,16,76,5.6304,6.0568,1,5,0.5865,movie
1576,16,77,6.638,4.9853,1,3,0.9155,movie
1577,16,78,5.2194,4.8451,0,3,0.6035,movie
1578,16,79,5.5305,4.0713,1,3,0.5957,short_video
1579,16,80,5.493,5.2449,1,4,0.4584,short_video
1580,16,81,4.8869,5.317,1,4,0.6936,game
1581,16,82,5.0368,5.6122,0,2,0.6514,music
1582,16,83,4.1942,4.8277,0,3,0.7776,movie
1583,16,84,5.0152,5.2135,1,3,0.3725,game
1584,16,85,5.1657,4.6557,1,4,0.3928,music
1585,16,86,4.6487,4.2548,0,3,0.3825,game
1586,16,87,5.4967,5.0139,1,4,0.688,short_video
1587,16,88,5.8306,5.034,1,4,0.8173,article
1588,16,89,5.434,4.8546,0,4,0.3873,game
1589,16,90,4.4767,4.7775,1,3,0.3954,movie
1590,16,91,4.046,3.7231,1,3,0.5779,music
1591,16,92,5.8323,4.6776,0,3,0.4389,article
1592,16,93,5.6726,4.8574,1,3,0.7215,game
1593,16,94,4.6912,6.4164,0,3,0.0952,short_video
1594,16,95,3.3056,5.955,0,2,0.3043,game
1595,16,96,4.6992,3.5887,0,2,0.3138,movie
1596,16,97,4.8946,5.6544,0,2,0.0895,article
1597,16,98,5.5921,5.5465,1,4,0.2762,short_video
1598,16,99,4.605,4.6679,0,3,0.2859,article
1599,16,100,5.3995,4.0776,1,3,0.4499,article
1600,17,1,6.3288,5.0093,1,4,0.6261,short_video
1601,17,2,5.8145,6.1683,1,3,0.3595,music
1602,17,3,6.2946,6.2114,1,4,0.7815,movie
1603,17,4,4.7074,5.4532,0,4,0.3481,movie
1604,17,5,5.0205,4.4222,0,3,0.346,article
1605,17,6,4.9103,2.8779,1,4,0.6321,movie
1606,17,7,6.449,5.1682,1,5,0.682,short_video
1607,17,8,4.2347,4.8811,0,1,0.6102,music
1608,17,9,5.2151,6.3698,1,4,0.1564,short_video
1609,17,10,5.4744,4.3076,1,3,0.6314,movie
1610,17,11,5.1516,3.0014,1,3,0.2622,article
1611,17,12,4.7312,6.5018,1,5,0.5585,short_video
1612,17,13,4.1591,7.0957,0,3,0.1941,game
1613,17,14,4.2699,3.8605,0,3,0.6098,music
1614,17,15,4.8736,4.4134,0,3,0.3086,article
1615,17,16,6.6282,4.472,1,3,0.2171,music
1616,17,17,5.8174,4.6184,0,2,0.6712,game
1617,17,18,6.2437,6.9636,1,3,0.5601,music
1618,17,19,5.4435,4.5192,1,3,0.3512,music
1619,17,20,5.8241,5.7352,1,4,0.8102,game
1620,17,21,5.8527,4.1175,1,3,0.3916,movie
1621,17,22,6.6783,7.1343,1,3,0.508,movie
1622,17,23,5.0948,6.19,1,4,0.5668,music
1623,17,24,5.4724,5.5832,1,4,0.3499,movie
1624,17,25,5.4779,4.4025,1,3,0.6157,game
1625,17,26,3.8613,4.4852,0,2,0.3697,article
1626,17,27,4.9256,4.5341,1,3,0.3985,movie
1627,17,28,5.6101,7.0436,1,4,0.7962,movie
1628,17,29,4.0148,4.539,0,2,0.261,movie
1629,17,30,6.0265,3.7299,1,3,0.0822,game
1630,17,31,4.4915,3.4965,0,3,0.8335,music
1631,17,32,6.0568,6.2732,1,3,0.9275,game
1632,17,33,5.4043,4.6767,1,4,0.4,movie
1633,17,34,5.2473,5.6771,0,3,0.126,music
1634,17,35,3.9547,3.955,0,3,0.423,game
1635,17,36,5.1362,6.515,0,2,0.4289,game
1636,17,37,5.0788,5.3744,1,4,0.4527,game
1637,17,38,4.7794,4.5374,0,2,0.2472,short_video
1638,17,39,4.7203,4.6308,1,4,0.641,game
1639,17,40,5.989,5.9351,0,2,0.6282,article
1640,17,41,5.416,5.479,1,4,0.1833,game
1641,17,42,5.3547,5.6385,0,2,0.668,music
1642,17,43,4.867,3.7432,0,3,0.8862,music
1643,17,44,4.733,3.2744,0,3,0.5429,music
1644,17,45,5.7136,4.0504,1,3,0.4165,game
1645,17,46,5.6052,5.5775,1,4,0.4646,music
1646,17,47,7.2595,6.1024,1,4,0.6491,article
1647,17,48,4.1766,5.2443,0,3,0.1505,game
1648,17,49,3.9203,5.8593,0,3,0.541,article
1649,17,50,5.422,4.6501,0,3,0.4036,short_video
1650,17,51,4.7054,6.9041,1,3,0.8639,music
1651,17,52,5.2771,6.5399,1,4,0.4566,music
1652,17,53,5.637,5.0014,1,4,0.8413,short_video
1653,17,54,4.9979,4.8419,0,4,0.249,music
1654,17,55,5.2489,6.0222,0,4,0.6427,music
1655,17,56,5.8729,4.7846,1,4,0.5792,article
1656,17,57,5.2988,4.9585,1,4,0.2955,game
1657,17,58,6.2448,4.9142,1,5,0.5442,movie
1658,17,59,6.584,5.0248,0,4,0.7707,game
1659,17,60,4.6185,4.3059,1,3,0.4198,game
1660,17,61,5.4375,2.4688,0,3,0.1555,article
1661,17,62,5.8838,7.167,1,4,0.4956,short_video
1662,17,63,5.6572,6.1221,1,3,0.2886,movie
1663,17,64,5.0056,5.1099,0,3,0.4152,movie
1664,17,65,5.3686,3.2891,1,4,0.4796,short_video
1665,17,66,5.3228,5.2229,0,3,0.1537,movie
1666,17,67,5.1279,5.6224,0,2,0.1658,music
1667,17,68,6.2162,4.8005,1,4,0.6182,movie
1668,17,69,5.3913,5.5139,1,3,0.3722,movie
1669,17,70,4.4769,5.3169,0,3,0.0714,article
1670,17,71,4.4063,4.9736,0,3,0.6867,movie
1671,17,72,5.1997,4.1037,0,2,0.5677,movie
1672,17,73,5.7038,4.2631,0,3,0.3287,article
1673,17,74,4.3615,4.6089,0,4,0.2113,movie
1674,17,75,6.5029,5.1994,1,3,0.6976,article
1675,17,76,4.4868,4.6563,0,3,0.5865,movie
1676,17,77,6.113,5.775,1,4,0.9155,movie
1677,17,78,5.7215,5.8241,1,3,0.6035,movie
1678,17,79,6.188,4.3092,1,4,0.5957,short_video
1679,17,80,7.4621,5.9655,1,5,0.4584,short_video
1680,17,81,5.7291,4.9057,1,4,0.6936,game
1681,17,82,4.7906,4.4231,0,3,0.6514,music
1682,17,83,4.8101,5.3946,0,3,0.7776,movie
1683,17,84,4.4181,5.0787,0,3,0.3725,game
1684,17,85,4.0037,4.9118,0,2,0.3928,music
1685,17,86,4.0456,3.2293,0,2,0.3825,game
1686,17,87,5.8565,5.6681,1,5,0.688,short_video
1687,17,88,6.0338,3.7547,1,3,0.8173,article
1688,17,89,5.7468,4.7927,1,3,0.3873,game
1689,17,90,4.8814,3.2864,1,3,0.3954,movie
1690,17,91,5.0171,3.0218,0,3,0.5779,music
1691,17,92,6.3989,5.7162,1,4,0.4389,article
1692,17,93,5.2112,4.9681,1,3,0.7215,game
1693,17,94,4.9958,3.5036,1,3,0.0952,short_video
1694,17,95,5.7314,3.6052,0,3,0.3043,game
1695,17,96,5.1246,5.2271,0,3,0.3138,movie
1696,17,97,4.2629,6.4945,0,3,0.0895,article
1697,17,98,4.5938,3.826,0,3,0.2762,short_video
1698,17,99,4.6572,4.4182,1,4,0.2859,article
1699,17,100,5.855,6.494,1,4,0.4499,article
1700,18,1,5.2466,5.4954,0,3,0.6261,short_video
1701,18,2,5.5101,4.7553,1,3,0.3595,music
1702,18,3,4.781,3.9142,1,3,0.7815,movie
1703,18,4,6.4441,5.8642,0,3,0.3481,movie
1704,18,5,6.7175,6.0916,1,3,0.346,article
1705,18,6,5.9489,5.2309,0,3,0.6321,movie
1706,18,7,4.9908,3.9984,1,3,0.682,short_video
1707,18,8,4.7831,4.4029,1,3,0.6102,music
1708,18,9,3.9529,3.7693,0,4,0.1564,short_video
1709,18,10,4.447,4.9346,1,3,0.6314,movie
1710,18,11,5.0303,6.0572,1,4,0.2622,article
1711,18,12,4.9358,3.7919,1,3,0.5585,short_video
1712,18,13,5.0184,5.0306,1,3,0.1941,game
1713,18,14,5.0083,5.3175,1,3,0.6098,music
1714,18,15,4.8518,5.4285,0,3,0.3086,article
1715,18,16,4.9438,5.7065,0,4,0.2171,music
1716,18,17,6.333,6.6745,1,4,0.6712,game
1717,18,18,5.3207,4.5443,0,2,0.5601,music
1718,18,19,4.6037,3.4104,1,4,0.3512,music
1719,18,20,5.268,5.6507,1,4,0.8102,game
1720,18,21,5.4664,4.1712,1,4,0.3916,movie
1721,18,22,4.9698,6.3201,0,4,0.508,movie
1722,18,23,5.2291,3.9892,0,2,0.5668,music
1723,18,24,5.0709,5.1124,0,3,0.3499,movie
1724,18,25,6.5749,6.1566,1,3,0.6157,game
1725,18,26,5.9623,3.597,0,4,0.3697,article
1726,18,27,5.0544,5.7744,0,2,0.3985,movie
1727,18,28,6.2029,2.2832,0,3,0.7962,movie
1728,18,29,4.2016,3.4883,0,3,0.261,movie
1729,18,30,4.9488,5.8008,0,3,0.0822,game
1730,18,31,5.5319,4.7676,1,3,0.8335,music
1731,18,32,5.6206,5.5388,1,4,0.9275,game
1732,18,33,5.1498,3.0656,0,3,0.4,movie
1733,18,34,4.6376,5.6311,1,3,0.126,music
1734,18,35,7.1739,5.536,1,4,0.423,game
1735,18,36,5.4717,5.4154,1,4,0.4289,game
1736,18,37,4.7705,4.4241,0,3,0.4527,game
1737,18,38,5.0733,3.1281,0,3,0.2472,short_video
1738,18,39,5.3303,4.4865,0,2,0.641,game
1739,18,40,5.2163,4.7452,0,4,0.6282,article
1740,18,41,5.9563,4.7757,1,3,0.1833,game
1741,18,42,5.6487,6.3056,1,4,0.668,music
1742,18,43,6.1809,5.9321,1,3,0.8862,music
1743,18,44,6.2717,5.071,1,3,0.5429,music
1744,18,45,4.1095,2.9921,0,2,0.4165,game
1745,18,46,5.1487,6.4152,1,4,0.4646,music
1746,18,47,5.1531,5.8692,1,4,0.6491,article
1747,18,48,5.1384,2.9268,0,3,0.1505,game
1748,18,49,4.9834,6.3262,0,3,0.541,article
1749,18,50,5.3154,6.0199,1,4,0.4036,short_video
1750,18,51,7.0995,7.0361,1,4,0.8639,music
1751,18,52,5.1206,3.7256,1,4,0.4566,music
1752,18,53,5.1667,6.306,1,3,0.8413,short_video
1753,18,54,4.9615,3.6349,0,3,0.249,music
1754,18,55,5.041,5.5545,1,3,0.6427,music
1755,18,56,5.9428,4.004,1,4,0.5792,article
1756,18,57,4.8407,5.8905,0,3,0.2955,game
1757,18,58,4.1868,3.7298,0,2,0.5442,movie
1758,18,59,5.796,4.6022,1,3,0.7707,game
1759,18,60,6.4992,4.266,1,4,0.4198,game
1760,18,61,4.4308,6.4679,0,2,0.1555,article
1761,18,62,4.7299,5.6512,0,2,0.4956,short_video
1762,18,63,4.6841,4.2725,0,2,0.2886,movie
1763,18,64,5.5741,4.5152,1,3,0.4152,movie
1764,18,65,5.2651,6.2358,0,2,0.4796,short_video
1765,18,66,5.0761,5.9963,0,2,0.1537,movie
1766,18,67,5.5996,4.9414,0,3,0.1658,music
1767,18,68,5.9851,5.0111,1,3,0.6182,movie
1768,18,69,4.6803,3.1993,1,3,0.3722,movie
1769,18,70,5.7928,4.3078,1,4,0.0714,article
1770,18,71,4.6498,5.1634,1,4,0.6867,movie
1771,18,72,5.9007,7.4437,1,4,0.5677,movie
1772,18,73,4.0917,2.8492,0,3,0.3287,article
1773,18,74,4.7612,5.5829,0,3,0.2113,movie
1774,18,75,6.1141,6.8469,1,4,0.6976,article
1775,18,76,4.0481,5.1731,1,3,0.5865,movie
1776,18,77,4.9104,4.9886,1,4,0.9155,movie
1777,18,78,4.5666,5.4726,0,3,0.6035,movie
1778,18,79,5.9628,4.8709,1,4,0.5957,short_video
1779,18,80,4.3732,5.3026,1,4,0.4584,short_video
1780,18,81,5.3497,4.6457,0,3,0.6936,game
1781,18,82,5.7297,6.2667,1,4,0.6514,music
1782,18,83,4.8373,4.5524,0,2,0.7776,movie
1783,18,84,5.5152,4.5924,1,4,0.3725,game
1784,18,85,5.1647,3.1955,0,3,0.3928,music
1785,18,86,5.7421,3.9366,1,4,0.3825,game
1786,18,87,4.4335,3.494,1,3,0.688,short_video
1787,18,88,6.4536,4.7832,1,4,0.8173,article
1788,18,89,4.8349,4.171,0,3,0.3873,game
1789,18,90,4.8325,4.8931,1,4,0.3954,movie
1790,18,91,5.9341,4.612,1,4,0.5779,music
1791,18,92,4.6848,6.0744,0,3,0.4389,article
1792,18,93,6.0962,4.8451,1,4,0.7215,game
1793,18,94,4.663,3.6711,0,3,0.0952,short_video
1794,18,95,5.1769,5.207,0,3,0.3043,game
1795,18,96,5.1718,4.7748,0,2,0.3138,movie
1796,18,97,5.43,4.3577,1,3,0.0895,article
1797,18,98,6.6214,4.9056,1,4,0.2762,short_video
1798,18,99,4.3843,3.4698,0,3,0.2859,article
1799,18,100,5.5343,5.6513,1,3,0.4499,article
1800,19,1,5.9079,5.2142,1,4,0.6261,short_video
1801,19,2,5.9216,4.3251,1,3,0.3595,music
1802,19,3,5.5427,3.0056,1,4,0.7815,movie
1803,19,4,5.9425,5.285,1,4,0.3481,movie
1804,19,5,5.8488,4.4173,1,3,0.346,article
1805,19,6,4.8594,4.3461,1,4,0.6321,movie
1806,19,7,5.0824,4.779,1,4,0.682,short_video
1807,19,8,2.6612,3.0796,0,3,0.6102,music
1808,19,9,5.7963,3.3376,1,4,0.1564,short_video
1809,19,10,5.6726,6.5243,1,3,0.6314,movie
1810,19,11,6.1456,5.3751,1,4,0.2622,article
1811,19,12,6.2352,4.097,1,5,0.5585,short_video
1812,19,13,4.5691,5.9552,0,3,0.1941,game
1813,19,14,5.4705,3.6667,1,4,0.6098,music
1814,19,15,4.454,5.559,0,3,0.3086,article
1815,19,16,3.9718,5.2005,0,3,0.2171,music
1816,19,17,5.9006,3.425,1,4,0.6712,game
1817,19,18,5.8076,5.9148,1,4,0.5601,music
1818,19,19,5.2069,5.8624,1,4,0.3512,music
1819,19,20,6.0497,5.9065,1,4,0.8102,game
1820,19,21,5.4262,4.9959,1,5,0.3916,movie
1821,19,22,5.1002,6.1625,1,4,0.508,movie
1822,19,23,4.7756,3.9054,1,4,0.5668,music
1823,19,24,6.0154,5.205,1,4,0.3499,movie
1824,19,25,5.2805,5.3626,0,3,0.6157,game
1825,19,26,4.6708,5.9811,1,3,0.3697,article
1826,19,27,5.4714,3.6929,1,3,0.3985,movie
1827,19,28,6.2234,5.836,1,4,0.7962,movie
1828,19,29,3.8912,5.1199,0,2,0.261,movie
1829,19,30,5.9826,6.7296,1,4,0.0822,game
1830,19,31,5.2871,6.7077,1,4,0.8335,music
1831,19,32,6.6744,4.5605,1,4,0.9275,game
1832,19,33,5.0526,6.1725,0,3,0.4,movie
1833,19,34,4.9498,4.6508,1,3,0.126,music
1834,19,35,4.1839,3.9009,0,2,0.423,game
1835,19,36,6.5656,5.407,1,3,0.4289,game
1836,19,37,6.415,4.5423,1,4,0.4527,game
1837,19,38,5.042,4.5817,0,3,0.2472,short_video
1838,19,39,6.1156,5.7114,1,4,0.641,game
1839,19,40,6.1347,4.2262,1,4,0.6282,article
1840,19,41,5.4203,6.8768,1,4,0.1833,game
1841,19,42,4.2943,4.8992,0,2,0.668,music
1842,19,43,5.4169,5.1035,1,4,0.8862,music
1843,19,44,5.6632,4.5084,1,4,0.5429,music
1844,19,45,3.2197,4.7149,0,2,0.4165,game
1845,19,46,6.2731,4.4802,1,4,0.4646,music
1846,19,47,6.8099,3.8646,1,4,0.6491,article
1847,19,48,4.6759,5.912,0,3,0.1505,game
1848,19,49,4.5046,4.702,0,4,0.541,article
1849,19,50,5.3451,5.4492,0,2,0.4036,short_video
1850,19,51,5.3657,3.7822,0,3,0.8639,music
1851,19,52,5.604,4.9001,1,3,0.4566,music
1852,19,53,5.7441,4.0686,1,3,0.8413,short_video
1853,19,54,5.1137,4.6457,0,3,0.249,music
1854,19,55,4.6887,4.1816,0,3,0.6427,music
1855,19,56,6.5248,7.2518,1,4,0.5792,article
1856,19,57,5.2424,5.8944,1,3,0.2955,game
1857,19,58,5.6691,4.8661,1,4,0.5442,movie
1858,19,59,5.2895,5.6949,1,4,0.7707,game
1859,19,60,4.6406,4.3374,1,3,0.4198,game
1860,19,61,5.4494,5.5585,0,3,0.1555,article
1861,19,62,6.4172,5.0051,1,3,0.4956,short_video
1862,19,63,4.6632,6.8979,0,4,0.2886,movie
1863,19,64,4.5125,3.5288,0,3,0.4152,movie
1864,19,65,5.7918,3.9278,1,3,0.4796,short_video
1865,19,66,5.7873,5.9782,0,3,0.1537,movie
1866,19,67,5.6254,6.6501,1,3,0.1658,music
1867,19,68,5.257,4.9239,1,4,0.6182,movie
1868,19,69,5.2745,5.7793,1,3,0.3722,movie
1869,19,70,3.9492,4.1839,0,2,0.0714,article
1870,19,71,4.5165,4.8058,0,4,0.6867,movie
1871,19,72,5.5005,3.5469,1,3,0.5677,movie
1872,19,73,5.9527,4.8909,1,3,0.3287,article
1873,19,74,6.5094,3.024,0,3,0.2113,movie
1874,19,75,6.2105,4.7056,0,3,0.6976,article
1875,19,76,6.3104,6.3537,0,3,0.5865,movie
1876,19,77,5.1347,6.3523,1,4,0.9155,movie
1877,19,78,4.7354,6.2273,0,3,0.6035,movie
1878,19,79,5.8811,3.863,1,3,0.5957,short_video
1879,19,80,5.2949,5.6913,1,3,0.4584,short_video
1880,19,81,6.3626,6.1775,1,5,0.6936,game
1881,19,82,5.6727,5.373,0,4,0.6514,music
1882,19,83,5.0654,5.6598,1,4,0.7776,movie
1883,19,84,3.7774,6.6944,0,2,0.3725,game
1884,19,85,3.0594,5.0261,0,2,0.3928,music
1885,19,86,4.7313,5.1995,0,1,0.3825,game
1886,19,87,6.5955,5.9888,1,4,0.688,short_video
1887,19,88,5.9513,4.7606,1,4,0.8173,article
1888,19,89,5.4547,5.0402,0,3,0.3873,game
1889,19,90,5.4825,5.6803,0,3,0.3954,movie
1890,19,91,5.4244,6.0935,1,3,0.5779,music
1891,19,92,5.7227,3.914,1,4,0.4389,article
1892,19,93,5.0702,5.2444,0,3,0.7215,game
1893,19,94,5.4545,4.0303,1,3,0.0952,short_video
1894,19,95,4.612,4.1553,0,3,0.3043,game
1895,19,96,5.8845,6.1803,1,4,0.3138,movie
1896,19,97,4.6199,6.2554,0,2,0.0895,article
1897,19,98,4.8578,4.7468,0,3,0.2762,short_video
1898,19,99,5.3283,4.51,1,3,0.2859,article
1899,19,100,6.7122,5.7797,1,3,0.4499,article
1900,20,1,6.6448,3.6864,1,4,0.6261,short_video
1901,20,2,6.5243,6.2863,1,4,0.3595,music
1902,20,3,5.2774,6.5448,0,2,0.7815,movie
1903,20,4,5.776,3.3267,1,3,0.3481,movie
1904,20,5,5.3439,4.9039,1,4,0.346,article
1905,20,6,6.2632,4.2737,1,3,0.6321,movie
1906,20,7,6.1363,4.0956,1,4,0.682,short_video
1907,20,8,4.6632,5.0941,0,3,0.6102,music
1908,20,9,6.3942,6.2268,1,4,0.1564,short_video
1909,20,10,6.0958,3.7701,1,4,0.6314,movie
1910,20,11,5.8858,4.9873,1,3,0.2622,article
1911,20,12,4.4831,3.3558,0,2,0.5585,short_video
1912,20,13,4.7585,5.1595,0,3,0.1941,game
1913,20,14,5.9881,4.2576,1,3,0.6098,music
1914,20,15,4.7244,4.8453,0,4,0.3086,article
1915,20,16,3.547,5.1041,0,2,0.2171,music
1916,20,17,7.1423,4.5234,0,4,0.6712,game
1917,20,18,3.8139,4.9784,0,3,0.5601,music
1918,20,19,5.2308,5.077,0,4,0.3512,music
1919,20,20,5.5224,5.2316,1,4,0.8102,game
1920,20,21,5.6029,3.7299,1,4,0.3916,movie
1921,20,22,6.1366,4.4487,1,4,0.508,movie
1922,20,23,6.0718,7.0216,0,3,0.5668,music
1923,20,24,4.9185,3.8237,0,3,0.3499,movie
1924,20,25,4.3595,3.6046,0,2,0.6157,game
1925,20,26,3.7081,5.3008,0,2,0.3697,article
1926,20,27,5.4379,5.151,1,4,0.3985,movie
1927,20,28,5.6395,5.0741,1,4,0.7962,movie
1928,20,29,5.6,4.6114,1,3,0.261,movie
1929,20,30,5.2968,2.9201,1,3,0.0822,game
1930,20,31,5.3736,4.1367,0,3,0.8335,music
1931,20,32,5.5941,5.4951,0,3,0.9275,game
1932,20,33,5.5817,2.9253,1,3,0.4,movie
1933,20,34,5.6151,5.8404,1,4,0.126,music
1934,20,35,6.4861,4.0112,1,3,0.423,game
1935,20,36,5.4788,3.9837,1,4,0.4289,game
1936,20,37,5.6742,5.6605,1,4,0.4527,game
1937,20,38,5.657,5.0461,1,4,0.2472,short_video
1938,20,39,5.5533,4.652,0,3,0.641,game
1939,20,40,5.0412,6.8096,1,4,0.6282,article
1940,20,41,5.7191,4.3556,0,3,0.1833,game
1941,20,42,5.9885,6.0288,0,3,0.668,music
1942,20,43,4.0185,7.3253,0,3,0.8862,music
1943,20,44,6.5432,5.3102,1,4,0.5429,music
1944,20,45,4.269,6.8431,0,2,0.4165,game
1945,20,46,4.713,4.0982,0,3,0.4646,music
1946,20,47,4.3579,6.6809,1,4,0.6491,article
1947,20,48,7.1794,5.8636,1,4,0.1505,game
1948,20,49,5.6702,5.5521,1,4,0.541,article
1949,20,50,5.705,5.4309,1,4,0.4036,short_video
1950,20,51,7.1527,5.4869,1,3,0.8639,music
1951,20,52,5.1388,5.2047,1,4,0.4566,music
1952,20,53,5.9146,4.5413,1,3,0.8413,short_video
1953,20,54,5.6046,7.3068,0,3,0.249,music
1954,20,55,5.5059,4.8672,1,3,0.6427,music
1955,20,56,6.2163,4.5636,1,3,0.5792,article
1956,20,57,6.3937,3.9429,1,3,0.2955,game
1957,20,58,5.0843,3.9203,1,4,0.5442,movie
1958,20,59,6.7927,6.0865,1,4,0.7707,game
1959,20,60,4.6599,4.8175,1,3,0.4198,game
1960,20,61,4.344,5.8362,0,2,0.1555,article
1961,20,62,5.6823,6.7606,1,4,0.4956,short_video
1962,20,63,5.8455,4.7488,1,4,0.2886,movie
1963,20,64,3.2729,3.3145,0,3,0.4152,movie
1964,20,65,5.3143,5.6859,1,2,0.4796,short_video
1965,20,66,5.4064,3.9433,0,2,0.1537,movie
1966,20,67,5.1159,5.3631,1,3,0.1658,music
1967,20,68,5.5975,5.8206,1,3,0.6182,movie
1968,20,69,5.7501,5.8854,0,3,0.3722,movie
1969,20,70,5.5152,5.9071,1,4,0.0714,article
1970,20,71,6.228,3.3805,1,5,0.6867,movie
1971,20,72,5.0748,6.097,1,3,0.5677,movie
1972,20,73,7.1029,4.2158,1,3,0.3287,article
1973,20,74,6.2824,4.7285,1,3,0.2113,movie
1974,20,75,6.256,4.4592,1,4,0.6976,article
1975,20,76,3.4607,5.7451,0,2,0.5865,movie
1976,20,77,5.4063,5.3765,1,3,0.9155,movie
1977,20,78,6.5885,3.6266,1,4,0.6035,movie
1978,20,79,5.1549,4.2772,0,3,0.5957,short_video
1979,20,80,4.8713,5.2284,1,3,0.4584,short_video
1980,20,81,5.8237,5.6754,0,3,0.6936,game
1981,20,82,5.6736,4.1998,0,2,0.6514,music
1982,20,83,5.0113,3.3381,1,4,0.7776,movie
1983,20,84,4.8203,6.0517,0,4,0.3725,game
1984,20,85,5.395,5.5127,1,3,0.3928,music
1985,20,86,5.945,4.391,0,3,0.3825,game
1986,20,87,4.4477,6.8014,1,4,0.688,short_video
1987,20,88,5.6789,4.6236,1,3,0.8173,article
1988,20,89,6.0023,5.6795,1,3,0.3873,game
1989,20,90,4.7551,5.7783,1,4,0.3954,movie
1990,20,91,5.868,6.7455,1,3,0.5779,music
1991,20,92,5.6854,5.7416,1,4,0.4389,article
1992,20,93,5.9537,3.0583,1,3,0.7215,game
1993,20,94,5.7092,5.2539,0,3,0.0952,short_video
1994,20,95,5.7933,4.9036,1,3,0.3043,game
1995,20,96,5.0884,3.7559,0,3,0.3138,movie
1996,20,97,5.4839,3.685,1,4,0.0895,article
1997,20,98,4.5948,2.9486,0,2,0.2762,short_video
1998,20,99,5.6266,5.4321,1,4,0.2859,article
1999,20,100,5.9922,4.7811,1,4,0.4499,article
